Target Clock (ns),Achieved Clock (ns),Latency (cycles),Latency (str),Interval (cycles),Post-Synth LUTs,Post-Synth FFs,Post-Synth DSPs,Post-Synth BRAMs,Verified Deterministic,hlsDirVitis,h5Path
-1.0,-1.0,-1,-1,-1,-1,-1,-1,-1,False,./hlsVerification/m1_b10__model_trial_1222.h/hlsVitisModel2_20260624_130718,./CrossParetoModels_June2026/model1_10bit_normalised_selected_pareto_secondary__model_trial_1222.h5
20.0,17.444,29,0.580 us,13,4718,1184,0,0,True,./hlsVerification/m1_b10__model_trial_1224.h/hlsVitisModel2_20260818_120203,./CrossParetoModels_June2026/model1_fin_results_model1_10bit_normalised_selected__model_trial_1224.h5
-1.0,-1.0,-1,-1,-1,-1,-1,-1,-1,False,./hlsVerification/m1_b10__model_trial_1228.h/hlsVitisModel2_20260624_131631,./CrossParetoModels_June2026/model1_fin_results_model1_10bit_normalised_selected__model_trial_1228.h5
-1.0,-1.0,-1,-1,-1,-1,-1,-1,-1,False,./hlsVerification/m1_b10__model_trial_1231.h/hlsVitisModel2_20260624_123127,./CrossParetoModels_June2026/model1_fin_results_model1_10bit_normalised_selected__model_trial_1231.h5
-1.0,-1.0,-1,-1,-1,-1,-1,-1,-1,False,./hlsVerification/m1_b10__model_trial_1232.h/hlsVitisModel2_20260624_123913,./CrossParetoModels_June2026/model1_fin_results_model1_10bit_normalised_selected__model_trial_1232.h5
-1.0,-1.0,-1,-1,-1,-1,-1,-1,-1,False,./hlsVerification/m1_b10__model_trial_1234.h/hlsVitisModel2_20260624_125712,./CrossParetoModels_June2026/model1_fin_results_model1_10bit_normalised_selected__model_trial_1234.h5
-1.0,-1.0,-1,-1,-1,-1,-1,-1,-1,False,./hlsVerification/m1_b10__model_trial_1235.h/hlsVitisModel2_20260624_122330,./CrossParetoModels_June2026/model1_10bit_normalised_selected_pareto_secondary__model_trial_1235.h5
-1.0,-1.0,-1,-1,-1,-1,-1,-1,-1,False,./hlsVerification/m1_b10__model_trial_1241.h/hlsVitisModel2_20260624_130344,./CrossParetoModels_June2026/model1_fin_results_model1_10bit_normalised_selected__model_trial_1241.h5
20.0,16.732,56,1.120 us,18,5655,2104,0,0,True,./hlsVerification/m1_b6___model_trial_836.h/hlsVitisModel2_20260818_120442,./CrossParetoModels_June2026/model1_fin_results_model1_6bit_normalised_selected__model_trial_836.h5
-1.0,-1.0,-1,-1,-1,-1,-1,-1,-1,False,./hlsVerification/m1_b6___model_trial_849.h/hlsVitisModel2_20260624_124958,./CrossParetoModels_June2026/model1_fin_results_model1_6bit_normalised_selected__model_trial_849.h5
20.0,16.959,9,0.180 us,4,1603,471,0,0,True,./hlsVerification/m1_b8__model_trial_1028.h/hlsVitisModel2_20260818_120727,./CrossParetoModels_June2026/model1_fin_results_model1_8bit_normalised_selected__model_trial_1028.h5
-1.0,-1.0,-1,-1,-1,-1,-1,-1,-1,False,./hlsVerification/m1_b8__model_trial_1031.h/hlsVitisModel2_20260624_124625,./CrossParetoModels_June2026/model1_fin_results_model1_8bit_normalised_selected__model_trial_1031.h5
-1.0,-1.0,-1,-1,-1,-1,-1,-1,-1,False,./hlsVerification/m1_b8__model_trial_1034.h/hlsVitisModel2_20260624_125344,./CrossParetoModels_June2026/model1_fin_results_model1_8bit_normalised_selected__model_trial_1034.h5
-1.0,-1.0,-1,-1,-1,-1,-1,-1,-1,False,./hlsVerification/m1_b8__model_trial_1035.h/hlsVitisModel2_20260624_131020,./CrossParetoModels_June2026/model1_fin_results_model1_8bit_normalised_selected__model_trial_1035.h5
-1.0,-1.0,-1,-1,-1,-1,-1,-1,-1,False,./hlsVerification/m1_b8__model_trial_1042.h/hlsVitisModel2_20260624_122723,./CrossParetoModels_June2026/model1_fin_results_model1_8bit_normalised_selected__model_trial_1042.h5
10.0,9.275,133,1.330 us,32,12420,5497,0,0,True,./hlsVerification/m1_b8__model_trial_1046.h/hlsVitisModel2_20260818_170552,./CrossParetoModels_June2026/model1_fin_results_model1_8bit_normalised_selected__model_trial_1046.h5
10.0,9.275,192,1.920 us,50,16007,7543,0,0,True,./hlsVerification/m1_b8__model_trial_1047.h/hlsVitisModel2_20260819_073708,./CrossParetoModels_June2026/model1_fin_results_model1_8bit_normalised_selected__model_trial_1047.h5
-1.0,-1.0,-1,-1,-1,-1,-1,-1,-1,False,./hlsVerification/m1_b8__model_trial_1048.h/hlsVitisModel2_20260624_123514,./CrossParetoModels_June2026/model1_fin_results_model1_8bit_normalised_selected__model_trial_1048.h5
-1.0,-1.0,-1,-1,-1,-1,-1,-1,-1,False,./hlsVerification/m2.5_b10___model_trial_020.h/hlsVitisModel2_20260624_112730,./CrossParetoModels_June2026/model2.5_fin_results_model2_5_10bit_normalised_selected__model_trial_020.h5
-1.0,-1.0,-1,-1,-1,-1,-1,-1,-1,False,./hlsVerification/m2.5_b10___model_trial_029.h/hlsVitisModel2_20260624_113414,./CrossParetoModels_June2026/model2.5_fin_results_model2_5_10bit_normalised_selected__model_trial_029.h5
-1.0,-1.0,-1,-1,-1,-1,-1,-1,-1,False,./hlsVerification/m2.5_b10___model_trial_033.h/hlsVitisModel2_20260624_120348,./CrossParetoModels_June2026/model2.5_fin_results_model2_5_10bit_normalised_selected__model_trial_033.h5
-1.0,-1.0,-1,-1,-1,-1,-1,-1,-1,False,./hlsVerification/m2.5_b10___model_trial_043.h/hlsVitisModel2_20260624_110428,./CrossParetoModels_June2026/model2.5_fin_results_model2_5_10bit_normalised_selected__model_trial_043.h5
10.0,9.275,360,3.600 us,361,88805,20872,0,0,False,./hlsVerification/m2.5_b10___model_trial_057.h/hlsVitisModel2_20260818_170919,./CrossParetoModels_June2026/model2.5_fin_results_model2_5_10bit_normalised_selected__model_trial_057.h5
-1.0,-1.0,-1,-1,-1,-1,-1,-1,-1,False,./hlsVerification/m2.5_b10___model_trial_081.h/hlsVitisModel2_20260624_112043,./CrossParetoModels_June2026/model2.5_fin_results_model2_5_10bit_normalised_selected__model_trial_081.h5
10.0,9.275,1305,13.050 us,1306,262223,70350,0,0,False,./hlsVerification/m2.5_b10___model_trial_087.h/hlsVitisModel2_20260818_171827,./CrossParetoModels_June2026/model2.5_fin_results_model2_5_10bit_normalised_selected__model_trial_087.h5
-1.0,-1.0,-1,-1,-1,-1,-1,-1,-1,False,./hlsVerification/m2.5_b6___model_trial_033.h/hlsVitisModel2_20260624_115805,./CrossParetoModels_June2026/model2.5_fin_results_model2_5_6bit_normalised_selected__model_trial_033.h5
-1.0,-1.0,-1,-1,-1,-1,-1,-1,-1,False,./hlsVerification/m2.5_b6___model_trial_088.h/hlsVitisModel2_20260624_114625,./CrossParetoModels_June2026/model2.5_fin_results_model2_5_6bit_normalised_selected__model_trial_088.h5
-1.0,-1.0,-1,-1,-1,-1,-1,-1,-1,False,./hlsVerification/m2.5_b8___model_trial_043.h/hlsVitisModel2_20260624_105548,./CrossParetoModels_June2026/model2.5_fin_results_model2_5_8bit_normalised_selected__model_trial_043.h5
20.0,17.098,185,3.700 us,140,25483,9165,0,0,True,./hlsVerification/m2.5_b8___model_trial_051.h/hlsVitisModel2_20260818_131803,./CrossParetoModels_June2026/model2.5_fin_results_model2_5_8bit_normalised_selected__model_trial_051.h5
20.0,17.157,4345,86.900 us,4346,666708,95266,0,0,False,./hlsVerification/m2.5_b8___model_trial_063.h/hlsVitisModel2_20260818_132212,./CrossParetoModels_June2026/model2_5_8bit_normalised_selected_pareto_secondary__model_trial_063.h5
-1.0,-1.0,-1,-1,-1,-1,-1,-1,-1,False,./hlsVerification/m2.5_b8___model_trial_065.h/hlsVitisModel2_20260624_104608,./CrossParetoModels_June2026/model2.5_fin_results_model2_5_8bit_normalised_selected__model_trial_065.h5
-1.0,-1.0,-1,-1,-1,-1,-1,-1,-1,False,./hlsVerification/m2.5_b8___model_trial_077.h/hlsVitisModel2_20260624_102206,./CrossParetoModels_June2026/model2.5_fin_results_model2_5_8bit_normalised_selected__model_trial_077.h5
-1.0,-1.0,-1,-1,-1,-1,-1,-1,-1,False,./hlsVerification/m2.5_b8___model_trial_088.h/hlsVitisModel2_20260624_115216,./CrossParetoModels_June2026/model2.5_fin_results_model2_5_8bit_normalised_selected__model_trial_088.h5
10.0,8.739,7315,73.150 us,4901,970675,340131,0,0,False,./hlsVerification/m3_b10___model_trial_046.h/hlsVitisModel2_20260818_174604,./CrossParetoModels_June2026/model3_10bit_normalised_selected_pareto_primary__model_trial_046.h5
-1.0,-1.0,-1,-1,-1,-1,-1,-1,-1,False,./hlsVerification/m3_b10___model_trial_110.h/hlsVitisModel2_20260714_110636,./CrossParetoModels_June2026/model3_10bit_normalised_selected_pareto_primary__model_trial_110.h5
