model,run_name,trial_id,parameters,auc,bkg_rej_@99%,luts,registers,luts_plus_1*_ff,dsp,bram,hls_source,fullPath
model1,model1_3w5i,546,463.0,0.9056834153017188,0.693058919214733,21740,14804,29142.0,0,0,csynth,/home/dabadjiev/smartpixels_ml_dsabadjiev/Muon_Collider_Smart_Pixels/eric/Results_June2026_99SigEff/model1_fin_results/model1_3bit_normalised_selected/pareto_primary/model_trial_546.h5
model1,model1_3w5i,552,595.0,0.884111751993619,0.6621072077547083,26415,18077,35453.5,0,0,csynth,/home/dabadjiev/smartpixels_ml_dsabadjiev/Muon_Collider_Smart_Pixels/eric/Results_June2026_99SigEff/model1_fin_results/model1_3bit_normalised_selected/pareto_secondary/model_trial_552.h5
model1,model1_3w5i,538,331.0,0.8969978562300481,0.6411421625985287,17065,11531,22830.5,0,0,csynth,/home/dabadjiev/smartpixels_ml_dsabadjiev/Muon_Collider_Smart_Pixels/eric/Results_June2026_99SigEff/model1_fin_results/model1_3bit_normalised_selected/pareto_primary/model_trial_538.h5
model1,model1_3w5i,557,501.0,0.8812723383819475,0.630974085462643,24467,16538,32736.0,0,0,csynth,/home/dabadjiev/smartpixels_ml_dsabadjiev/Muon_Collider_Smart_Pixels/eric/Results_June2026_99SigEff/model1_fin_results/model1_3bit_normalised_selected/pareto_secondary/model_trial_557.h5
model1,model1_3w5i,533,281.0,0.890163563619619,0.6221454249699916,15427,10474,20664.0,0,0,csynth,/home/dabadjiev/smartpixels_ml_dsabadjiev/Muon_Collider_Smart_Pixels/eric/Results_June2026_99SigEff/model1_fin_results/model1_3bit_normalised_selected/pareto_primary/model_trial_533.h5
model1,model1_3w5i,559,415.0,0.85825384142731,0.6108102714813102,21546,15063,29077.5,0,0,csynth,/home/dabadjiev/smartpixels_ml_dsabadjiev/Muon_Collider_Smart_Pixels/eric/Results_June2026_99SigEff/model1_fin_results/model1_3bit_normalised_selected/pareto_secondary/model_trial_559.h5
model1,model1_3w5i,530,155.0,0.8526639868594303,0.6046362561641889,11732,7924,15694.0,0,0,csynth,/home/dabadjiev/smartpixels_ml_dsabadjiev/Muon_Collider_Smart_Pixels/eric/Results_June2026_99SigEff/model1_fin_results/model1_3bit_normalised_selected/pareto_primary/model_trial_530.h5
model1,model1_3w5i,525,99.0,0.8606186053310594,0.5994932590758327,8757,5856,11685.0,0,0,csynth,/home/dabadjiev/smartpixels_ml_dsabadjiev/Muon_Collider_Smart_Pixels/eric/Results_June2026_99SigEff/model1_fin_results/model1_3bit_normalised_selected/pareto_primary/model_trial_525.h5
model1,model1_3w5i,542,391.0,0.857602516606803,0.5967509319981497,19947,13506,26700.0,0,0,csynth,/home/dabadjiev/smartpixels_ml_dsabadjiev/Muon_Collider_Smart_Pixels/eric/Results_June2026_99SigEff/model1_fin_results/model1_3bit_normalised_selected/pareto_secondary/model_trial_542.h5
model1,model1_3w5i,524,61.0,0.8647715726175921,0.5957047962000478,6465,4430,8680.0,0,0,csynth,/home/dabadjiev/smartpixels_ml_dsabadjiev/Muon_Collider_Smart_Pixels/eric/Results_June2026_99SigEff/model1_fin_results/model1_3bit_normalised_selected/pareto_primary/model_trial_524.h5
model1,model1_3w5i,536,91.0,0.8597348010573974,0.5955112913125375,8528,5815,11435.5,0,0,csynth,/home/dabadjiev/smartpixels_ml_dsabadjiev/Muon_Collider_Smart_Pixels/eric/Results_June2026_99SigEff/model1_fin_results/model1_3bit_normalised_selected/pareto_secondary/model_trial_536.h5
model1,model1_3w5i,526,79.0,0.8517750726260135,0.5597400987479629,7493,4970,9978.0,0,0,csynth,/home/dabadjiev/smartpixels_ml_dsabadjiev/Muon_Collider_Smart_Pixels/eric/Results_June2026_99SigEff/model1_fin_results/model1_3bit_normalised_selected/pareto_secondary/model_trial_526.h5
model1,model1_3w5i,544,31.0,0.7529683139420451,0.5154244559942673,6340,3890,8285.0,0,0,csynth,/home/dabadjiev/smartpixels_ml_dsabadjiev/Muon_Collider_Smart_Pixels/eric/Results_June2026_99SigEff/model1_fin_results/model1_3bit_normalised_selected/pareto_primary/model_trial_544.h5
model1,model1_3w5i,527,31.0,0.8398083225480358,0.4630904544643693,4995,3330,6660.0,0,0,csynth,/home/dabadjiev/smartpixels_ml_dsabadjiev/Muon_Collider_Smart_Pixels/eric/Results_June2026_99SigEff/model1_fin_results/model1_3bit_normalised_selected/pareto_secondary/model_trial_527.h5
model1,model1_3w5i,528,19.0,0.8311355457461963,0.2800136662826804,4338,2772,5724.0,0,0,csynth,/home/dabadjiev/smartpixels_ml_dsabadjiev/Muon_Collider_Smart_Pixels/eric/Results_June2026_99SigEff/model1_fin_results/model1_3bit_normalised_selected/pareto_primary/model_trial_528.h5
model1,model1_3w5i,534,25.0,0.5,0.0,5339,3331,7004.5,0,0,csynth,/home/dabadjiev/smartpixels_ml_dsabadjiev/Muon_Collider_Smart_Pixels/eric/Results_June2026_99SigEff/model1_fin_results/model1_3bit_normalised_selected/pareto_secondary/model_trial_534.h5
model1,model1_4w6i,647,325.0,0.9287623360759086,0.7553584224514046,17711,12281,23851.5,0,0,csynth,/home/dabadjiev/smartpixels_ml_dsabadjiev/Muon_Collider_Smart_Pixels/eric/Results_June2026_99SigEff/model1_fin_results/model1_4bit_normalised_selected/pareto_primary/model_trial_647.h5
model1,model1_4w6i,645,463.0,0.9353190089265164,0.7518481228514154,21752,14707,29105.5,0,0,csynth,/home/dabadjiev/smartpixels_ml_dsabadjiev/Muon_Collider_Smart_Pixels/eric/Results_June2026_99SigEff/model1_fin_results/model1_4bit_normalised_selected/pareto_secondary/model_trial_645.h5
model1,model1_4w6i,648,211.0,0.934858840511775,0.7513038903552931,14719,9895,19666.5,0,0,csynth,/home/dabadjiev/smartpixels_ml_dsabadjiev/Muon_Collider_Smart_Pixels/eric/Results_June2026_99SigEff/model1_fin_results/model1_4bit_normalised_selected/pareto_primary/model_trial_648.h5
model1,model1_4w6i,631,193.0,0.9200855602150756,0.7284007728101445,12848,8613,17154.5,0,0,csynth,/home/dabadjiev/smartpixels_ml_dsabadjiev/Muon_Collider_Smart_Pixels/eric/Results_June2026_99SigEff/model1_fin_results/model1_4bit_normalised_selected/pareto_primary/model_trial_631.h5
model1,model1_4w6i,639,281.0,0.925249169754824,0.727690247051318,15439,10482,20680.0,0,0,csynth,/home/dabadjiev/smartpixels_ml_dsabadjiev/Muon_Collider_Smart_Pixels/eric/Results_June2026_99SigEff/model1_fin_results/model1_4bit_normalised_selected/pareto_secondary/model_trial_639.h5
model1,model1_4w6i,636,235.0,0.9249380805820416,0.7170595722937283,13864,9625,18676.5,0,0,csynth,/home/dabadjiev/smartpixels_ml_dsabadjiev/Muon_Collider_Smart_Pixels/eric/Results_June2026_99SigEff/model1_fin_results/model1_4bit_normalised_selected/pareto_secondary/model_trial_636.h5
model1,model1_4w6i,646,121.0,0.9123092667796532,0.6789481799958276,10603,7208,14207.0,0,0,csynth,/home/dabadjiev/smartpixels_ml_dsabadjiev/Muon_Collider_Smart_Pixels/eric/Results_June2026_99SigEff/model1_fin_results/model1_4bit_normalised_selected/pareto_primary/model_trial_646.h5
model1,model1_4w6i,638,121.0,0.9189085294798742,0.6710628558297882,10043,6634,13360.0,0,0,csynth,/home/dabadjiev/smartpixels_ml_dsabadjiev/Muon_Collider_Smart_Pixels/eric/Results_June2026_99SigEff/model1_fin_results/model1_4bit_normalised_selected/pareto_secondary/model_trial_638.h5
model1,model1_4w6i,637,91.0,0.887792023784351,0.6679335189770848,8540,5823,11451.5,0,0,csynth,/home/dabadjiev/smartpixels_ml_dsabadjiev/Muon_Collider_Smart_Pixels/eric/Results_June2026_99SigEff/model1_fin_results/model1_4bit_normalised_selected/pareto_primary/model_trial_637.h5
model1,model1_4w6i,625,99.0,0.8978741739196837,0.6348472067267137,8769,5831,11684.5,0,0,csynth,/home/dabadjiev/smartpixels_ml_dsabadjiev/Muon_Collider_Smart_Pixels/eric/Results_June2026_99SigEff/model1_fin_results/model1_4bit_normalised_selected/pareto_secondary/model_trial_625.h5
model1,model1_4w6i,649,85.0,0.8405670320104542,0.5694092960957365,9118,6101,12168.5,0,0,csynth,/home/dabadjiev/smartpixels_ml_dsabadjiev/Muon_Collider_Smart_Pixels/eric/Results_June2026_99SigEff/model1_fin_results/model1_4bit_normalised_selected/pareto_primary/model_trial_649.h5
model1,model1_4w6i,642,55.0,0.8161392349696828,0.5399481769723137,7669,5012,10175.0,0,0,csynth,/home/dabadjiev/smartpixels_ml_dsabadjiev/Muon_Collider_Smart_Pixels/eric/Results_June2026_99SigEff/model1_fin_results/model1_4bit_normalised_selected/pareto_primary/model_trial_642.h5
model1,model1_4w6i,626,79.0,0.8573291703378914,0.5076630958967894,7505,4978,9994.0,0,0,csynth,/home/dabadjiev/smartpixels_ml_dsabadjiev/Muon_Collider_Smart_Pixels/eric/Results_June2026_99SigEff/model1_fin_results/model1_4bit_normalised_selected/pareto_secondary/model_trial_626.h5
model1,model1_4w6i,624,61.0,0.8584960926266938,0.4889324274885787,6477,4438,8696.0,0,0,csynth,/home/dabadjiev/smartpixels_ml_dsabadjiev/Muon_Collider_Smart_Pixels/eric/Results_June2026_99SigEff/model1_fin_results/model1_4bit_normalised_selected/pareto_secondary/model_trial_624.h5
model1,model1_4w6i,622,45.0,0.8217202626205626,0.4172358431521946,5740,3883,7681.5,0,0,csynth,/home/dabadjiev/smartpixels_ml_dsabadjiev/Muon_Collider_Smart_Pixels/eric/Results_June2026_99SigEff/model1_fin_results/model1_4bit_normalised_selected/pareto_primary/model_trial_622.h5
model1,model1_4w6i,655,37.0,0.7815369484700827,0.3858940984032823,7353,4457,9581.5,0,0,csynth,/home/dabadjiev/smartpixels_ml_dsabadjiev/Muon_Collider_Smart_Pixels/eric/Results_June2026_99SigEff/model1_fin_results/model1_4bit_normalised_selected/pareto_primary/model_trial_655.h5
model1,model1_4w6i,627,31.0,0.8296201966523233,0.374831061162662,5007,3338,6676.0,0,0,csynth,/home/dabadjiev/smartpixels_ml_dsabadjiev/Muon_Collider_Smart_Pixels/eric/Results_June2026_99SigEff/model1_fin_results/model1_4bit_normalised_selected/pareto_primary/model_trial_627.h5
model1,model1_4w6i,628,19.0,0.8235910679074565,0.3050725492152469,4350,2780,5740.0,0,0,csynth,/home/dabadjiev/smartpixels_ml_dsabadjiev/Muon_Collider_Smart_Pixels/eric/Results_June2026_99SigEff/model1_fin_results/model1_4bit_normalised_selected/pareto_primary/model_trial_628.h5
model1,model1_4w6i,632,25.0,0.5,0.0,5351,3339,7020.5,0,0,csynth,/home/dabadjiev/smartpixels_ml_dsabadjiev/Muon_Collider_Smart_Pixels/eric/Results_June2026_99SigEff/model1_fin_results/model1_4bit_normalised_selected/pareto_secondary/model_trial_632.h5
model1,model1_6w8i,854,595.0,0.9466733943515554,0.8132012662476076,26435,17982,35426.0,0,0,csynth,/home/dabadjiev/smartpixels_ml_dsabadjiev/Muon_Collider_Smart_Pixels/eric/Results_June2026_99SigEff/model1_fin_results/model1_6bit_normalised_selected/pareto_primary/model_trial_854.h5
model1,model1_6w8i,850,501.0,0.9467375435660828,0.8126177280712098,24487,16562,32768.0,0,0,csynth,/home/dabadjiev/smartpixels_ml_dsabadjiev/Muon_Collider_Smart_Pixels/eric/Results_June2026_99SigEff/model1_fin_results/model1_6bit_normalised_selected/pareto_primary/model_trial_850.h5
model1,model1_6w8i,855,267.0,0.942669570184164,0.8088867119589044,17702,11965,23684.5,0,0,csynth,/home/dabadjiev/smartpixels_ml_dsabadjiev/Muon_Collider_Smart_Pixels/eric/Results_June2026_99SigEff/model1_fin_results/model1_6bit_normalised_selected/pareto_primary/model_trial_855.h5
model1,model1_6w8i,847,391.0,0.942285240412322,0.8077014945229046,19967,13530,26732.0,0,0,csynth,/home/dabadjiev/smartpixels_ml_dsabadjiev/Muon_Collider_Smart_Pixels/eric/Results_June2026_99SigEff/model1_fin_results/model1_6bit_normalised_selected/pareto_secondary/model_trial_847.h5
model1,model1_6w8i,833,281.0,0.944157375386754,0.8057815632171397,15447,10498,20696.0,0,0,csynth,/home/dabadjiev/smartpixels_ml_dsabadjiev/Muon_Collider_Smart_Pixels/eric/Results_June2026_99SigEff/model1_fin_results/model1_6bit_normalised_selected/pareto_secondary/model_trial_833.h5
model1,model1_6w8i,834,235.0,0.944958933992152,0.7997375589963143,13872,9669,18706.5,0,0,csynth,/home/dabadjiev/smartpixels_ml_dsabadjiev/Muon_Collider_Smart_Pixels/eric/Results_June2026_99SigEff/model1_fin_results/model1_6bit_normalised_selected/pareto_primary/model_trial_834.h5
model1,model1_6w8i,838,193.0,0.9445982833523752,0.7989484218769369,12856,8661,17186.5,0,0,csynth,/home/dabadjiev/smartpixels_ml_dsabadjiev/Muon_Collider_Smart_Pixels/eric/Results_June2026_99SigEff/model1_fin_results/model1_6bit_normalised_selected/pareto_primary/model_trial_838.h5
model1,model1_6w8i,829,199.0,0.943368627550238,0.7983679072144064,12410,8259,16539.5,0,0,csynth,/home/dabadjiev/smartpixels_ml_dsabadjiev/Muon_Collider_Smart_Pixels/eric/Results_June2026_99SigEff/model1_fin_results/model1_6bit_normalised_selected/pareto_secondary/model_trial_829.h5
model1,model1_6w8i,836,121.0,0.9388993287785602,0.7975938876643658,10051,6650,13376.0,0,0,csynth,/home/dabadjiev/smartpixels_ml_dsabadjiev/Muon_Collider_Smart_Pixels/eric/Results_June2026_99SigEff/model1_fin_results/model1_6bit_normalised_selected/pareto_primary/model_trial_836.h5
model1,model1_6w8i,831,155.0,0.9388890645906776,0.7920396926900506,11752,7893,15698.5,0,0,csynth,/home/dabadjiev/smartpixels_ml_dsabadjiev/Muon_Collider_Smart_Pixels/eric/Results_June2026_99SigEff/model1_fin_results/model1_6bit_normalised_selected/pareto_secondary/model_trial_831.h5
model1,model1_6w8i,849,85.0,0.9354657172485852,0.7884175230769697,9126,6117,12184.5,0,0,csynth,/home/dabadjiev/smartpixels_ml_dsabadjiev/Muon_Collider_Smart_Pixels/eric/Results_June2026_99SigEff/model1_fin_results/model1_6bit_normalised_selected/pareto_primary/model_trial_849.h5
model1,model1_6w8i,858,105.0,0.9362614266878204,0.7746061117309314,10815,7226,14428.0,0,0,csynth,/home/dabadjiev/smartpixels_ml_dsabadjiev/Muon_Collider_Smart_Pixels/eric/Results_June2026_99SigEff/model1_fin_results/model1_6bit_normalised_selected/pareto_secondary/model_trial_858.h5
model1,model1_6w8i,830,91.0,0.9214100097877284,0.7440897862678046,8548,5839,11467.5,0,0,csynth,/home/dabadjiev/smartpixels_ml_dsabadjiev/Muon_Collider_Smart_Pixels/eric/Results_June2026_99SigEff/model1_fin_results/model1_6bit_normalised_selected/pareto_secondary/model_trial_830.h5
model1,model1_6w8i,824,61.0,0.8822279981596747,0.6729616225384818,6485,4454,8712.0,0,0,csynth,/home/dabadjiev/smartpixels_ml_dsabadjiev/Muon_Collider_Smart_Pixels/eric/Results_June2026_99SigEff/model1_fin_results/model1_6bit_normalised_selected/pareto_primary/model_trial_824.h5
model1,model1_6w8i,826,79.0,0.8880494867896274,0.6688133615124825,7513,4994,10010.0,0,0,csynth,/home/dabadjiev/smartpixels_ml_dsabadjiev/Muon_Collider_Smart_Pixels/eric/Results_June2026_99SigEff/model1_fin_results/model1_6bit_normalised_selected/pareto_secondary/model_trial_826.h5
model1,model1_6w8i,851,67.0,0.8394530598560263,0.6410454101547737,9008,5865,11940.5,0,0,csynth,/home/dabadjiev/smartpixels_ml_dsabadjiev/Muon_Collider_Smart_Pixels/eric/Results_June2026_99SigEff/model1_fin_results/model1_6bit_normalised_selected/pareto_secondary/model_trial_851.h5
model1,model1_6w8i,839,65.0,0.8351328839364829,0.6314638947091531,7437,5008,9941.0,0,0,csynth,/home/dabadjiev/smartpixels_ml_dsabadjiev/Muon_Collider_Smart_Pixels/eric/Results_June2026_99SigEff/model1_fin_results/model1_6bit_normalised_selected/pareto_secondary/model_trial_839.h5
model1,model1_6w8i,822,45.0,0.8534839025694644,0.5528857928106887,5748,3899,7697.5,0,0,csynth,/home/dabadjiev/smartpixels_ml_dsabadjiev/Muon_Collider_Smart_Pixels/eric/Results_June2026_99SigEff/model1_fin_results/model1_6bit_normalised_selected/pareto_primary/model_trial_822.h5
model1,model1_6w8i,828,19.0,0.7808397630276929,0.5144901902092573,4358,2796,5756.0,0,0,csynth,/home/dabadjiev/smartpixels_ml_dsabadjiev/Muon_Collider_Smart_Pixels/eric/Results_June2026_99SigEff/model1_fin_results/model1_6bit_normalised_selected/pareto_primary/model_trial_828.h5
model1,model1_6w8i,835,43.0,0.8392737985471621,0.5091415941779217,6346,4191,8441.5,0,0,csynth,/home/dabadjiev/smartpixels_ml_dsabadjiev/Muon_Collider_Smart_Pixels/eric/Results_June2026_99SigEff/model1_fin_results/model1_6bit_normalised_selected/pareto_secondary/model_trial_835.h5
model1,model1_6w8i,827,31.0,0.854693929802508,0.4904774430747927,5015,3354,6692.0,0,0,csynth,/home/dabadjiev/smartpixels_ml_dsabadjiev/Muon_Collider_Smart_Pixels/eric/Results_June2026_99SigEff/model1_fin_results/model1_6bit_normalised_selected/pareto_secondary/model_trial_827.h5
model1,model1_6w8i,832,25.0,0.5,0.0,5359,3355,7036.5,0,0,csynth,/home/dabadjiev/smartpixels_ml_dsabadjiev/Muon_Collider_Smart_Pixels/eric/Results_June2026_99SigEff/model1_fin_results/model1_6bit_normalised_selected/pareto_secondary/model_trial_832.h5
model1,model1_8w10i,1047,391.0,0.9480106694019824,0.8216761756177795,19927,13546,26700.0,0,0,csynth,/home/dabadjiev/smartpixels_ml_dsabadjiev/Muon_Collider_Smart_Pixels/eric/Results_June2026_99SigEff/model1_fin_results/model1_8bit_normalised_selected/pareto_primary/model_trial_1047.h5
model1,model1_8w10i,1059,415.0,0.947456840171684,0.8201311600315655,21526,15041,29046.5,0,0,csynth,/home/dabadjiev/smartpixels_ml_dsabadjiev/Muon_Collider_Smart_Pixels/eric/Results_June2026_99SigEff/model1_fin_results/model1_8bit_normalised_selected/pareto_secondary/model_trial_1059.h5
model1,model1_8w10i,1046,265.0,0.9483342619652744,0.8197864794506879,16404,11114,21961.0,0,0,csynth,/home/dabadjiev/smartpixels_ml_dsabadjiev/Muon_Collider_Smart_Pixels/eric/Results_June2026_99SigEff/model1_fin_results/model1_8bit_normalised_selected/pareto_primary/model_trial_1046.h5
model1,model1_8w10i,1052,337.0,0.9484628475742566,0.8191273534276065,19992,13519,26751.5,0,0,csynth,/home/dabadjiev/smartpixels_ml_dsabadjiev/Muon_Collider_Smart_Pixels/eric/Results_June2026_99SigEff/model1_fin_results/model1_8bit_normalised_selected/pareto_secondary/model_trial_1052.h5
model1,model1_8w10i,1053,267.0,0.946192296362065,0.816983682095658,17662,12003,23663.5,0,0,csynth,/home/dabadjiev/smartpixels_ml_dsabadjiev/Muon_Collider_Smart_Pixels/eric/Results_June2026_99SigEff/model1_fin_results/model1_8bit_normalised_selected/pareto_secondary/model_trial_1053.h5
model1,model1_8w10i,1042,211.0,0.9452101569303348,0.8128263505280566,14687,9963,19668.5,0,0,csynth,/home/dabadjiev/smartpixels_ml_dsabadjiev/Muon_Collider_Smart_Pixels/eric/Results_June2026_99SigEff/model1_fin_results/model1_8bit_normalised_selected/pareto_primary/model_trial_1042.h5
model1,model1_8w10i,1051,205.0,0.9393380025374588,0.8116985798555365,15087,9978,20076.0,0,0,csynth,/home/dabadjiev/smartpixels_ml_dsabadjiev/Muon_Collider_Smart_Pixels/eric/Results_June2026_99SigEff/model1_fin_results/model1_8bit_normalised_selected/pareto_primary/model_trial_1051.h5
model1,model1_8w10i,1048,163.0,0.9452931797976464,0.809494438246241,12549,8322,16710.0,0,0,csynth,/home/dabadjiev/smartpixels_ml_dsabadjiev/Muon_Collider_Smart_Pixels/eric/Results_June2026_99SigEff/model1_fin_results/model1_8bit_normalised_selected/pareto_primary/model_trial_1048.h5
model1,model1_8w10i,1036,155.0,0.9449033654783686,0.7964479759086415,11712,7923,15673.5,0,0,csynth,/home/dabadjiev/smartpixels_ml_dsabadjiev/Muon_Collider_Smart_Pixels/eric/Results_June2026_99SigEff/model1_fin_results/model1_8bit_normalised_selected/pareto_primary/model_trial_1036.h5
model1,model1_8w10i,1031,121.0,0.9418471349615152,0.7960277074810804,10011,6666,13344.0,0,0,csynth,/home/dabadjiev/smartpixels_ml_dsabadjiev/Muon_Collider_Smart_Pixels/eric/Results_June2026_99SigEff/model1_fin_results/model1_8bit_normalised_selected/pareto_primary/model_trial_1031.h5
model1,model1_8w10i,1029,199.0,0.944832579646286,0.7957495442052844,12370,8285,16512.5,0,0,csynth,/home/dabadjiev/smartpixels_ml_dsabadjiev/Muon_Collider_Smart_Pixels/eric/Results_June2026_99SigEff/model1_fin_results/model1_8bit_normalised_selected/pareto_secondary/model_trial_1029.h5
model1,model1_8w10i,1050,151.0,0.9367825873353348,0.7926443954635198,12634,8625,16946.5,0,0,csynth,/home/dabadjiev/smartpixels_ml_dsabadjiev/Muon_Collider_Smart_Pixels/eric/Results_June2026_99SigEff/model1_fin_results/model1_8bit_normalised_selected/pareto_secondary/model_trial_1050.h5
model1,model1_8w10i,1034,91.0,0.9343880440263256,0.7755554950852782,8508,5855,11435.5,0,0,csynth,/home/dabadjiev/smartpixels_ml_dsabadjiev/Muon_Collider_Smart_Pixels/eric/Results_June2026_99SigEff/model1_fin_results/model1_8bit_normalised_selected/pareto_primary/model_trial_1034.h5
model1,model1_8w10i,1045,121.0,0.933534925656272,0.7699347828058813,10571,7240,14191.0,0,0,csynth,/home/dabadjiev/smartpixels_ml_dsabadjiev/Muon_Collider_Smart_Pixels/eric/Results_June2026_99SigEff/model1_fin_results/model1_8bit_normalised_selected/pareto_secondary/model_trial_1045.h5
model1,model1_8w10i,1026,79.0,0.9044368431625038,0.704530130827445,7473,5010,9978.0,0,0,csynth,/home/dabadjiev/smartpixels_ml_dsabadjiev/Muon_Collider_Smart_Pixels/eric/Results_June2026_99SigEff/model1_fin_results/model1_8bit_normalised_selected/pareto_primary/model_trial_1026.h5
model1,model1_8w10i,1025,99.0,0.9050811717472034,0.7024106476064352,8737,5883,11678.5,0,0,csynth,/home/dabadjiev/smartpixels_ml_dsabadjiev/Muon_Collider_Smart_Pixels/eric/Results_June2026_99SigEff/model1_fin_results/model1_8bit_normalised_selected/pareto_secondary/model_trial_1025.h5
model1,model1_8w10i,1032,65.0,0.924199130350122,0.7006600330772417,7397,5024,9909.0,0,0,csynth,/home/dabadjiev/smartpixels_ml_dsabadjiev/Muon_Collider_Smart_Pixels/eric/Results_June2026_99SigEff/model1_fin_results/model1_8bit_normalised_selected/pareto_primary/model_trial_1032.h5
model1,model1_8w10i,1040,55.0,0.9047597470040728,0.6933310354627942,7637,5044,10159.0,0,0,csynth,/home/dabadjiev/smartpixels_ml_dsabadjiev/Muon_Collider_Smart_Pixels/eric/Results_June2026_99SigEff/model1_fin_results/model1_8bit_normalised_selected/pareto_primary/model_trial_1040.h5
model1,model1_8w10i,1024,61.0,0.8907346645635281,0.6870753852712546,6445,4470,8680.0,0,0,csynth,/home/dabadjiev/smartpixels_ml_dsabadjiev/Muon_Collider_Smart_Pixels/eric/Results_June2026_99SigEff/model1_fin_results/model1_8bit_normalised_selected/pareto_secondary/model_trial_1024.h5
model1,model1_8w10i,1022,45.0,0.8617684506870918,0.5791177991237857,5708,3915,7665.5,0,0,csynth,/home/dabadjiev/smartpixels_ml_dsabadjiev/Muon_Collider_Smart_Pixels/eric/Results_June2026_99SigEff/model1_fin_results/model1_8bit_normalised_selected/pareto_primary/model_trial_1022.h5
model1,model1_8w10i,1035,25.0,0.82340753744996,0.5565563386456471,5319,3371,7004.5,0,0,csynth,/home/dabadjiev/smartpixels_ml_dsabadjiev/Muon_Collider_Smart_Pixels/eric/Results_June2026_99SigEff/model1_fin_results/model1_8bit_normalised_selected/pareto_primary/model_trial_1035.h5
model1,model1_8w10i,1039,43.0,0.8587095367983674,0.5491064004765058,6306,4207,8409.5,0,0,csynth,/home/dabadjiev/smartpixels_ml_dsabadjiev/Muon_Collider_Smart_Pixels/eric/Results_June2026_99SigEff/model1_fin_results/model1_8bit_normalised_selected/pareto_secondary/model_trial_1039.h5
model1,model1_8w10i,1057,37.0,0.812378659139346,0.5379738224169366,7321,4489,9565.5,0,0,csynth,/home/dabadjiev/smartpixels_ml_dsabadjiev/Muon_Collider_Smart_Pixels/eric/Results_June2026_99SigEff/model1_fin_results/model1_8bit_normalised_selected/pareto_secondary/model_trial_1057.h5
model1,model1_8w10i,1028,19.0,0.8116697974599648,0.5298526641692443,4318,2812,5724.0,0,0,csynth,/home/dabadjiev/smartpixels_ml_dsabadjiev/Muon_Collider_Smart_Pixels/eric/Results_June2026_99SigEff/model1_fin_results/model1_8bit_normalised_selected/pareto_primary/model_trial_1028.h5
model1,model1_8w10i,1027,31.0,0.8368847299720428,0.4159931789527152,4975,3370,6660.0,0,0,csynth,/home/dabadjiev/smartpixels_ml_dsabadjiev/Muon_Collider_Smart_Pixels/eric/Results_June2026_99SigEff/model1_fin_results/model1_8bit_normalised_selected/pareto_secondary/model_trial_1027.h5
model1,model1_10w12i,1248,463.0,0.9476124579048766,0.8211017079829837,23327,14856,30755.0,0,0,csynth,/home/dabadjiev/smartpixels_ml_dsabadjiev/Muon_Collider_Smart_Pixels/eric/Results_June2026_99SigEff/model1_fin_results/model1_10bit_normalised_selected/pareto_primary/model_trial_1248.h5
model1,model1_10w12i,1250,337.0,0.9470224804011428,0.8206118987364736,20700,13595,27497.5,0,0,csynth,/home/dabadjiev/smartpixels_ml_dsabadjiev/Muon_Collider_Smart_Pixels/eric/Results_June2026_99SigEff/model1_fin_results/model1_10bit_normalised_selected/pareto_primary/model_trial_1250.h5
model1,model1_10w12i,1252,415.0,0.948365706080752,0.8205695695423307,23295,15141,30865.5,0,0,csynth,/home/dabadjiev/smartpixels_ml_dsabadjiev/Muon_Collider_Smart_Pixels/eric/Results_June2026_99SigEff/model1_fin_results/model1_10bit_normalised_selected/pareto_secondary/model_trial_1252.h5
model1,model1_10w12i,1240,391.0,0.9475972966750856,0.8204365349321675,20589,13582,27380.0,0,0,csynth,/home/dabadjiev/smartpixels_ml_dsabadjiev/Muon_Collider_Smart_Pixels/eric/Results_June2026_99SigEff/model1_fin_results/model1_10bit_normalised_selected/pareto_secondary/model_trial_1240.h5
model1,model1_10w12i,1245,325.0,0.9470105130167542,0.8184107806410454,18975,12461,25205.5,0,0,csynth,/home/dabadjiev/smartpixels_ml_dsabadjiev/Muon_Collider_Smart_Pixels/eric/Results_June2026_99SigEff/model1_fin_results/model1_10bit_normalised_selected/pareto_primary/model_trial_1245.h5
model1,model1_10w12i,1256,267.0,0.9476773113910494,0.8160040636026378,19002,12061,25032.5,0,0,csynth,/home/dabadjiev/smartpixels_ml_dsabadjiev/Muon_Collider_Smart_Pixels/eric/Results_June2026_99SigEff/model1_fin_results/model1_10bit_normalised_selected/pareto_primary/model_trial_1256.h5
model1,model1_10w12i,1235,281.0,0.946628167711278,0.8145074242383012,15807,10542,21078.0,0,0,csynth,/home/dabadjiev/smartpixels_ml_dsabadjiev/Muon_Collider_Smart_Pixels/eric/Results_June2026_99SigEff/model1_fin_results/model1_10bit_normalised_selected/pareto_secondary/model_trial_1235.h5
model1,model1_10w12i,1231,235.0,0.9464365090137458,0.8118618496043732,14655,9781,19545.5,0,0,csynth,/home/dabadjiev/smartpixels_ml_dsabadjiev/Muon_Collider_Smart_Pixels/eric/Results_June2026_99SigEff/model1_fin_results/model1_10bit_normalised_selected/pareto_primary/model_trial_1231.h5
model1,model1_10w12i,1242,265.0,0.9466370489935878,0.8109850305828428,16904,11174,22491.0,0,0,csynth,/home/dabadjiev/smartpixels_ml_dsabadjiev/Muon_Collider_Smart_Pixels/eric/Results_June2026_99SigEff/model1_fin_results/model1_10bit_normalised_selected/pareto_secondary/model_trial_1242.h5
model1,model1_10w12i,1258,205.0,0.943501508996859,0.8097242253001593,15380,9990,20375.0,0,0,csynth,/home/dabadjiev/smartpixels_ml_dsabadjiev/Muon_Collider_Smart_Pixels/eric/Results_June2026_99SigEff/model1_fin_results/model1_10bit_normalised_selected/pareto_primary/model_trial_1258.h5
model1,model1_10w12i,1237,193.0,0.946732123352911,0.8076500947871598,13108,8753,17484.5,0,0,csynth,/home/dabadjiev/smartpixels_ml_dsabadjiev/Muon_Collider_Smart_Pixels/eric/Results_June2026_99SigEff/model1_fin_results/model1_10bit_normalised_selected/pareto_primary/model_trial_1237.h5
model1,model1_10w12i,1247,211.0,0.946363102841373,0.806718852516017,15661,10011,20666.5,0,0,csynth,/home/dabadjiev/smartpixels_ml_dsabadjiev/Muon_Collider_Smart_Pixels/eric/Results_June2026_99SigEff/model1_fin_results/model1_10bit_normalised_selected/pareto_secondary/model_trial_1247.h5
model1,model1_10w12i,1243,163.0,0.9448362312545452,0.8039130316471197,12738,8334,16905.0,0,0,csynth,/home/dabadjiev/smartpixels_ml_dsabadjiev/Muon_Collider_Smart_Pixels/eric/Results_June2026_99SigEff/model1_fin_results/model1_10bit_normalised_selected/pareto_primary/model_trial_1243.h5
model1,model1_10w12i,1232,155.0,0.9447221468172312,0.8030634242503953,12320,7961,16300.5,0,0,csynth,/home/dabadjiev/smartpixels_ml_dsabadjiev/Muon_Collider_Smart_Pixels/eric/Results_June2026_99SigEff/model1_fin_results/model1_10bit_normalised_selected/pareto_primary/model_trial_1232.h5
model1,model1_10w12i,1255,105.0,0.9375540576852974,0.7947971373370704,10859,7254,14486.0,0,0,csynth,/home/dabadjiev/smartpixels_ml_dsabadjiev/Muon_Collider_Smart_Pixels/eric/Results_June2026_99SigEff/model1_fin_results/model1_10bit_normalised_selected/pareto_primary/model_trial_1255.h5
model1,model1_10w12i,1230,121.0,0.936984275564092,0.7908484282263161,10096,6678,13435.0,0,0,csynth,/home/dabadjiev/smartpixels_ml_dsabadjiev/Muon_Collider_Smart_Pixels/eric/Results_June2026_99SigEff/model1_fin_results/model1_10bit_normalised_selected/pareto_secondary/model_trial_1230.h5
model1,model1_10w12i,1225,99.0,0.9060104930497844,0.7123096320081272,8979,5911,11934.5,0,0,csynth,/home/dabadjiev/smartpixels_ml_dsabadjiev/Muon_Collider_Smart_Pixels/eric/Results_June2026_99SigEff/model1_fin_results/model1_10bit_normalised_selected/pareto_primary/model_trial_1225.h5
model1,model1_10w12i,1234,65.0,0.9182796353638978,0.7119377398024436,7377,5036,9895.0,0,0,csynth,/home/dabadjiev/smartpixels_ml_dsabadjiev/Muon_Collider_Smart_Pixels/eric/Results_June2026_99SigEff/model1_fin_results/model1_10bit_normalised_selected/pareto_primary/model_trial_1234.h5
model1,model1_10w12i,1226,79.0,0.9055471145449536,0.7115930592215661,7454,5022,9965.0,0,0,csynth,/home/dabadjiev/smartpixels_ml_dsabadjiev/Muon_Collider_Smart_Pixels/eric/Results_June2026_99SigEff/model1_fin_results/model1_10bit_normalised_selected/pareto_secondary/model_trial_1226.h5
model1,model1_10w12i,1224,61.0,0.8907899117945108,0.6890164811740909,6373,4482,8614.0,0,0,csynth,/home/dabadjiev/smartpixels_ml_dsabadjiev/Muon_Collider_Smart_Pixels/eric/Results_June2026_99SigEff/model1_fin_results/model1_10bit_normalised_selected/pareto_primary/model_trial_1224.h5
model1,model1_10w12i,1259,67.0,0.8628558197754292,0.673714477491451,9052,5893,11998.5,0,0,csynth,/home/dabadjiev/smartpixels_ml_dsabadjiev/Muon_Collider_Smart_Pixels/eric/Results_June2026_99SigEff/model1_fin_results/model1_10bit_normalised_selected/pareto_secondary/model_trial_1259.h5
model1,model1_10w12i,1253,37.0,0.8331320924231139,0.6205913388421755,7405,4501,9655.5,0,0,csynth,/home/dabadjiev/smartpixels_ml_dsabadjiev/Muon_Collider_Smart_Pixels/eric/Results_June2026_99SigEff/model1_fin_results/model1_10bit_normalised_selected/pareto_primary/model_trial_1253.h5
model1,model1_10w12i,1241,31.0,0.8332578157126982,0.6168482286744008,6352,3942,8323.0,0,0,csynth,/home/dabadjiev/smartpixels_ml_dsabadjiev/Muon_Collider_Smart_Pixels/eric/Results_June2026_99SigEff/model1_fin_results/model1_10bit_normalised_selected/pareto_primary/model_trial_1241.h5
model1,model1_10w12i,1222,45.0,0.8622075434848769,0.5875503792998147,5636,3927,7599.5,0,0,csynth,/home/dabadjiev/smartpixels_ml_dsabadjiev/Muon_Collider_Smart_Pixels/eric/Results_June2026_99SigEff/model1_fin_results/model1_10bit_normalised_selected/pareto_secondary/model_trial_1222.h5
model1,model1_10w12i,1227,31.0,0.8501718455144682,0.5263181764583162,4903,3382,6594.0,0,0,csynth,/home/dabadjiev/smartpixels_ml_dsabadjiev/Muon_Collider_Smart_Pixels/eric/Results_June2026_99SigEff/model1_fin_results/model1_10bit_normalised_selected/pareto_secondary/model_trial_1227.h5
model1,model1_10w12i,1239,25.0,0.8455442259329304,0.5092534641910136,5299,3383,6990.5,0,0,csynth,/home/dabadjiev/smartpixels_ml_dsabadjiev/Muon_Collider_Smart_Pixels/eric/Results_June2026_99SigEff/model1_fin_results/model1_10bit_normalised_selected/pareto_primary/model_trial_1239.h5
model1,model1_10w12i,1228,19.0,0.8375222662251283,0.3630363335661439,4246,2824,5658.0,0,0,csynth,/home/dabadjiev/smartpixels_ml_dsabadjiev/Muon_Collider_Smart_Pixels/eric/Results_June2026_99SigEff/model1_fin_results/model1_10bit_normalised_selected/pareto_primary/model_trial_1228.h5
model2_5,model25_3bit,063,8833.0,0.9560008525998472,0.8339395478637363,184752,75386,222445.0,0,0,csynth,/home/dabadjiev/smartpixels_ml_dsabadjiev/Muon_Collider_Smart_Pixels/eric/Results_June2026_99SigEff/model2.5_fin_results/model2_5_3bit_normalised_selected/pareto_primary/model_trial_063.h5
model2_5,model25_3bit,102,7051.0,0.9577483385092124,0.829694534393982,370426,77035,408943.5,0,0,csynth,/home/dabadjiev/smartpixels_ml_dsabadjiev/Muon_Collider_Smart_Pixels/eric/Results_June2026_99SigEff/model2.5_fin_results/model2_5_3bit_normalised_selected/pareto_primary/model_trial_102.h5
model2_5,model25_3bit,042,8797.0,0.9496326506257076,0.8296098760056962,327518,81039,368037.5,0,0,csynth,/home/dabadjiev/smartpixels_ml_dsabadjiev/Muon_Collider_Smart_Pixels/eric/Results_June2026_99SigEff/model2.5_fin_results/model2_5_3bit_normalised_selected/pareto_secondary/model_trial_042.h5
model2_5,model25_3bit,105,8475.0,0.9553536601462423,0.8287542215812373,424800,85314,467457.0,0,0,csynth,/home/dabadjiev/smartpixels_ml_dsabadjiev/Muon_Collider_Smart_Pixels/eric/Results_June2026_99SigEff/model2.5_fin_results/model2_5_3bit_normalised_selected/pareto_secondary/model_trial_105.h5
model2_5,model25_3bit,093,6271.0,0.9552455310049158,0.8268494078448091,175262,68810,209667.0,0,0,csynth,/home/dabadjiev/smartpixels_ml_dsabadjiev/Muon_Collider_Smart_Pixels/eric/Results_June2026_99SigEff/model2.5_fin_results/model2_5_3bit_normalised_selected/pareto_primary/model_trial_093.h5
model2_5,model25_3bit,079,5407.0,0.9525084438719114,0.8262567991268092,157393,64242,189514.0,0,0,csynth,/home/dabadjiev/smartpixels_ml_dsabadjiev/Muon_Collider_Smart_Pixels/eric/Results_June2026_99SigEff/model2.5_fin_results/model2_5_3bit_normalised_selected/pareto_primary/model_trial_079.h5
model2_5,model25_3bit,108,5305.0,0.9529830650670704,0.8262537756129419,148517,62369,179701.5,0,0,csynth,/home/dabadjiev/smartpixels_ml_dsabadjiev/Muon_Collider_Smart_Pixels/eric/Results_June2026_99SigEff/model2.5_fin_results/model2_5_3bit_normalised_selected/pareto_primary/model_trial_108.h5
model2_5,model25_3bit,104,6513.0,0.9525927483371842,0.8250987933156155,171392,70686,206735.0,0,0,csynth,/home/dabadjiev/smartpixels_ml_dsabadjiev/Muon_Collider_Smart_Pixels/eric/Results_June2026_99SigEff/model2.5_fin_results/model2_5_3bit_normalised_selected/pareto_secondary/model_trial_104.h5
model2_5,model25_3bit,013,5143.0,0.951658671976016,0.8247873713872789,144649,59507,174402.5,0,0,csynth,/home/dabadjiev/smartpixels_ml_dsabadjiev/Muon_Collider_Smart_Pixels/eric/Results_June2026_99SigEff/model2.5_fin_results/model2_5_3bit_normalised_selected/pareto_primary/model_trial_013.h5
model2_5,model25_3bit,027,2957.0,0.9537776969907992,0.8244033851261259,98428,45310,121083.0,0,0,csynth,/home/dabadjiev/smartpixels_ml_dsabadjiev/Muon_Collider_Smart_Pixels/eric/Results_June2026_99SigEff/model2.5_fin_results/model2_5_3bit_normalised_selected/pareto_primary/model_trial_027.h5
model2_5,model25_3bit,032,5821.0,0.9526696930266364,0.8231456033573098,141868,61969,172852.5,0,0,csynth,/home/dabadjiev/smartpixels_ml_dsabadjiev/Muon_Collider_Smart_Pixels/eric/Results_June2026_99SigEff/model2.5_fin_results/model2_5_3bit_normalised_selected/pareto_secondary/model_trial_032.h5
model2_5,model25_3bit,006,3261.0,0.9538034419589336,0.8221962200029631,103051,47132,126617.0,0,0,csynth,/home/dabadjiev/smartpixels_ml_dsabadjiev/Muon_Collider_Smart_Pixels/eric/Results_June2026_99SigEff/model2.5_fin_results/model2_5_3bit_normalised_selected/pareto_secondary/model_trial_006.h5
model2_5,model25_3bit,106,3061.0,0.951545887762747,0.8197441502565451,100435,46484,123677.0,0,0,csynth,/home/dabadjiev/smartpixels_ml_dsabadjiev/Muon_Collider_Smart_Pixels/eric/Results_June2026_99SigEff/model2.5_fin_results/model2_5_3bit_normalised_selected/pareto_secondary/model_trial_106.h5
model2_5,model25_3bit,020,1527.0,0.9467296473087758,0.8177758427289027,62639,33547,79412.5,0,0,csynth,/home/dabadjiev/smartpixels_ml_dsabadjiev/Muon_Collider_Smart_Pixels/eric/Results_June2026_99SigEff/model2.5_fin_results/model2_5_3bit_normalised_selected/pareto_primary/model_trial_020.h5
model2_5,model25_3bit,064,2965.0,0.9517365526821596,0.8173555743013415,106506,48017,130514.5,0,0,csynth,/home/dabadjiev/smartpixels_ml_dsabadjiev/Muon_Collider_Smart_Pixels/eric/Results_June2026_99SigEff/model2.5_fin_results/model2_5_3bit_normalised_selected/pareto_secondary/model_trial_064.h5
model2_5,model25_3bit,081,1563.0,0.9470725505133408,0.8158921935895459,63457,34218,80566.0,0,0,csynth,/home/dabadjiev/smartpixels_ml_dsabadjiev/Muon_Collider_Smart_Pixels/eric/Results_June2026_99SigEff/model2.5_fin_results/model2_5_3bit_normalised_selected/pareto_secondary/model_trial_081.h5
model2_5,model25_3bit,084,1489.0,0.9477816233965118,0.8095156028433125,61302,32774,77689.0,0,0,csynth,/home/dabadjiev/smartpixels_ml_dsabadjiev/Muon_Collider_Smart_Pixels/eric/Results_June2026_99SigEff/model2.5_fin_results/model2_5_3bit_normalised_selected/pareto_primary/model_trial_084.h5
model2_5,model25_3bit,029,1281.0,0.937776178087812,0.8083394559489148,57507,29979,72496.5,0,0,csynth,/home/dabadjiev/smartpixels_ml_dsabadjiev/Muon_Collider_Smart_Pixels/eric/Results_June2026_99SigEff/model2.5_fin_results/model2_5_3bit_normalised_selected/pareto_primary/model_trial_029.h5
model2_5,model25_3bit,052,725.0,0.9450461359172722,0.8003966850193959,44073,25586,56866.0,0,0,csynth,/home/dabadjiev/smartpixels_ml_dsabadjiev/Muon_Collider_Smart_Pixels/eric/Results_June2026_99SigEff/model2.5_fin_results/model2_5_3bit_normalised_selected/pareto_primary/model_trial_052.h5
model2_5,model25_3bit,078,1545.0,0.9460615009590996,0.7957283796082131,67313,33819,84222.5,0,0,csynth,/home/dabadjiev/smartpixels_ml_dsabadjiev/Muon_Collider_Smart_Pixels/eric/Results_June2026_99SigEff/model2.5_fin_results/model2_5_3bit_normalised_selected/pareto_secondary/model_trial_078.h5
model2_5,model25_3bit,096,1171.0,0.9401317830731925,0.7935242379989176,56075,29466,70808.0,0,0,csynth,/home/dabadjiev/smartpixels_ml_dsabadjiev/Muon_Collider_Smart_Pixels/eric/Results_June2026_99SigEff/model2.5_fin_results/model2_5_3bit_normalised_selected/pareto_secondary/model_trial_096.h5
model2_5,model25_3bit,057,711.0,0.9399214309182362,0.775038474213962,43194,24802,55595.0,0,0,csynth,/home/dabadjiev/smartpixels_ml_dsabadjiev/Muon_Collider_Smart_Pixels/eric/Results_June2026_99SigEff/model2.5_fin_results/model2_5_3bit_normalised_selected/pareto_primary/model_trial_057.h5
model2_5,model25_3bit,015,405.0,0.9162317710614108,0.7469016541644369,33233,22023,44244.5,0,0,csynth,/home/dabadjiev/smartpixels_ml_dsabadjiev/Muon_Collider_Smart_Pixels/eric/Results_June2026_99SigEff/model2.5_fin_results/model2_5_3bit_normalised_selected/pareto_primary/model_trial_015.h5
model2_5,model25_3bit,037,1045.0,0.9219178786014736,0.7468472309148246,54174,29094,68721.0,0,0,csynth,/home/dabadjiev/smartpixels_ml_dsabadjiev/Muon_Collider_Smart_Pixels/eric/Results_June2026_99SigEff/model2.5_fin_results/model2_5_3bit_normalised_selected/pareto_secondary/model_trial_037.h5
model2_5,model25_3bit,088,533.0,0.9395990879800336,0.7457980716028554,37349,24757,49727.5,0,0,csynth,/home/dabadjiev/smartpixels_ml_dsabadjiev/Muon_Collider_Smart_Pixels/eric/Results_June2026_99SigEff/model2.5_fin_results/model2_5_3bit_normalised_selected/pareto_secondary/model_trial_088.h5
model2_5,model25_3bit,066,489.0,0.9294821258773488,0.7442530560166414,35266,23249,46890.5,0,0,csynth,/home/dabadjiev/smartpixels_ml_dsabadjiev/Muon_Collider_Smart_Pixels/eric/Results_June2026_99SigEff/model2.5_fin_results/model2_5_3bit_normalised_selected/pareto_secondary/model_trial_066.h5
model2_5,model25_3bit,031,377.0,0.8756881225260551,0.7011044896157417,31490,20408,41694.0,0,0,csynth,/home/dabadjiev/smartpixels_ml_dsabadjiev/Muon_Collider_Smart_Pixels/eric/Results_June2026_99SigEff/model2.5_fin_results/model2_5_3bit_normalised_selected/pareto_primary/model_trial_031.h5
model2_5,model25_3bit,017,391.0,0.8815278386825228,0.6366280563945806,32381,21199,42980.5,0,0,csynth,/home/dabadjiev/smartpixels_ml_dsabadjiev/Muon_Collider_Smart_Pixels/eric/Results_June2026_99SigEff/model2.5_fin_results/model2_5_3bit_normalised_selected/pareto_secondary/model_trial_017.h5
model2_5,model25_4bit,112,10525.0,0.968636467290421,0.8645496022567507,240367,82650,281692.0,0,0,csynth,/home/dabadjiev/smartpixels_ml_dsabadjiev/Muon_Collider_Smart_Pixels/eric/Results_June2026_99SigEff/model2.5_fin_results/model2_5_4bit_normalised_selected/pareto_primary/model_trial_112.h5
model2_5,model25_4bit,008,11737.0,0.96876786749489,0.8616984286798431,251909,91515,297666.5,0,0,csynth,/home/dabadjiev/smartpixels_ml_dsabadjiev/Muon_Collider_Smart_Pixels/eric/Results_June2026_99SigEff/model2.5_fin_results/model2_5_4bit_normalised_selected/pareto_secondary/model_trial_008.h5
model2_5,model25_4bit,038,5803.0,0.9659241303372804,0.8544178072872731,296323,74153,333399.5,0,0,csynth,/home/dabadjiev/smartpixels_ml_dsabadjiev/Muon_Collider_Smart_Pixels/eric/Results_June2026_99SigEff/model2.5_fin_results/model2_5_4bit_normalised_selected/pareto_primary/model_trial_038.h5
model2_5,model25_4bit,063,8833.0,0.965568665281443,0.8540882442757324,184863,75465,222595.5,0,0,csynth,/home/dabadjiev/smartpixels_ml_dsabadjiev/Muon_Collider_Smart_Pixels/eric/Results_June2026_99SigEff/model2.5_fin_results/model2_5_4bit_normalised_selected/pareto_secondary/model_trial_063.h5
model2_5,model25_4bit,026,8607.0,0.965536235245082,0.8539763742626405,445501,89990,490496.0,0,0,csynth,/home/dabadjiev/smartpixels_ml_dsabadjiev/Muon_Collider_Smart_Pixels/eric/Results_June2026_99SigEff/model2.5_fin_results/model2_5_4bit_normalised_selected/pareto_secondary/model_trial_026.h5
model2_5,model25_4bit,077,8185.0,0.9654773521705916,0.8538524101940793,208250,75748,246124.0,0,0,csynth,/home/dabadjiev/smartpixels_ml_dsabadjiev/Muon_Collider_Smart_Pixels/eric/Results_June2026_99SigEff/model2.5_fin_results/model2_5_4bit_normalised_selected/pareto_secondary/model_trial_077.h5
model2_5,model25_4bit,065,5141.0,0.9627065244014243,0.8503209459970188,132381,58185,161473.5,0,0,csynth,/home/dabadjiev/smartpixels_ml_dsabadjiev/Muon_Collider_Smart_Pixels/eric/Results_June2026_99SigEff/model2.5_fin_results/model2_5_4bit_normalised_selected/pareto_primary/model_trial_065.h5
model2_5,model25_4bit,102,7051.0,0.9640692147085964,0.8494108683229475,370537,78335,409704.5,0,0,csynth,/home/dabadjiev/smartpixels_ml_dsabadjiev/Muon_Collider_Smart_Pixels/eric/Results_June2026_99SigEff/model2.5_fin_results/model2_5_4bit_normalised_selected/pareto_secondary/model_trial_102.h5
model2_5,model25_4bit,013,5143.0,0.9650452824438868,0.8493050453375904,144760,59586,174553.0,0,0,csynth,/home/dabadjiev/smartpixels_ml_dsabadjiev/Muon_Collider_Smart_Pixels/eric/Results_June2026_99SigEff/model2.5_fin_results/model2_5_4bit_normalised_selected/pareto_secondary/model_trial_013.h5
model2_5,model25_4bit,024,4669.0,0.9616677745059397,0.846045697388591,128080,56094,156127.0,0,0,csynth,/home/dabadjiev/smartpixels_ml_dsabadjiev/Muon_Collider_Smart_Pixels/eric/Results_June2026_99SigEff/model2.5_fin_results/model2_5_4bit_normalised_selected/pareto_primary/model_trial_024.h5
model2_5,model25_4bit,099,5139.0,0.962962252292172,0.8446911631760199,141820,59301,171470.5,0,0,csynth,/home/dabadjiev/smartpixels_ml_dsabadjiev/Muon_Collider_Smart_Pixels/eric/Results_June2026_99SigEff/model2.5_fin_results/model2_5_4bit_normalised_selected/pareto_secondary/model_trial_099.h5
model2_5,model25_4bit,006,3261.0,0.9593304781470992,0.8433668641021221,103162,47211,126767.5,0,0,csynth,/home/dabadjiev/smartpixels_ml_dsabadjiev/Muon_Collider_Smart_Pixels/eric/Results_June2026_99SigEff/model2.5_fin_results/model2_5_4bit_normalised_selected/pareto_primary/model_trial_006.h5
model2_5,model25_4bit,010,1589.0,0.9552845086147256,0.8406305840521737,71567,35584,89359.0,0,0,csynth,/home/dabadjiev/smartpixels_ml_dsabadjiev/Muon_Collider_Smart_Pixels/eric/Results_June2026_99SigEff/model2.5_fin_results/model2_5_4bit_normalised_selected/pareto_primary/model_trial_010.h5
model2_5,model25_4bit,109,3917.0,0.9565056352383804,0.8403433502347759,119102,52441,145322.5,0,0,csynth,/home/dabadjiev/smartpixels_ml_dsabadjiev/Muon_Collider_Smart_Pixels/eric/Results_June2026_99SigEff/model2.5_fin_results/model2_5_4bit_normalised_selected/pareto_secondary/model_trial_109.h5
model2_5,model25_4bit,106,3061.0,0.9567752975559242,0.8400137872232352,100546,46563,123827.5,0,0,csynth,/home/dabadjiev/smartpixels_ml_dsabadjiev/Muon_Collider_Smart_Pixels/eric/Results_June2026_99SigEff/model2.5_fin_results/model2_5_4bit_normalised_selected/pareto_secondary/model_trial_106.h5
model2_5,model25_4bit,064,2965.0,0.9582842983320196,0.8392639557841333,106617,48060,130647.0,0,0,csynth,/home/dabadjiev/smartpixels_ml_dsabadjiev/Muon_Collider_Smart_Pixels/eric/Results_June2026_99SigEff/model2.5_fin_results/model2_5_4bit_normalised_selected/pareto_secondary/model_trial_064.h5
model2_5,model25_4bit,027,2957.0,0.9569892582894584,0.837368212589307,98539,45389,121233.5,0,0,csynth,/home/dabadjiev/smartpixels_ml_dsabadjiev/Muon_Collider_Smart_Pixels/eric/Results_June2026_99SigEff/model2.5_fin_results/model2_5_4bit_normalised_selected/pareto_secondary/model_trial_027.h5
model2_5,model25_4bit,096,1171.0,0.9521871335500692,0.8348072963436647,56186,29545,70958.5,0,0,csynth,/home/dabadjiev/smartpixels_ml_dsabadjiev/Muon_Collider_Smart_Pixels/eric/Results_June2026_99SigEff/model2.5_fin_results/model2_5_4bit_normalised_selected/pareto_primary/model_trial_096.h5
model2_5,model25_4bit,020,1527.0,0.9562217325371922,0.8339969946272159,62750,33640,79570.0,0,0,csynth,/home/dabadjiev/smartpixels_ml_dsabadjiev/Muon_Collider_Smart_Pixels/eric/Results_June2026_99SigEff/model2.5_fin_results/model2_5_4bit_normalised_selected/pareto_secondary/model_trial_020.h5
model2_5,model25_4bit,022,1311.0,0.9566358188419204,0.8327361893445324,58523,30827,73936.5,0,0,csynth,/home/dabadjiev/smartpixels_ml_dsabadjiev/Muon_Collider_Smart_Pixels/eric/Results_June2026_99SigEff/model2.5_fin_results/model2_5_4bit_normalised_selected/pareto_secondary/model_trial_022.h5
model2_5,model25_4bit,033,489.0,0.9472780789651644,0.8154023843430358,35377,23330,47042.0,0,0,csynth,/home/dabadjiev/smartpixels_ml_dsabadjiev/Muon_Collider_Smart_Pixels/eric/Results_June2026_99SigEff/model2.5_fin_results/model2_5_4bit_normalised_selected/pareto_primary/model_trial_033.h5
model2_5,model25_4bit,029,1281.0,0.953688703670668,0.8140357560749952,57618,30040,72638.0,0,0,csynth,/home/dabadjiev/smartpixels_ml_dsabadjiev/Muon_Collider_Smart_Pixels/eric/Results_June2026_99SigEff/model2.5_fin_results/model2_5_4bit_normalised_selected/pareto_secondary/model_trial_029.h5
model2_5,model25_4bit,088,533.0,0.9052000696764424,0.7856419373467456,37460,24838,49879.0,0,0,csynth,/home/dabadjiev/smartpixels_ml_dsabadjiev/Muon_Collider_Smart_Pixels/eric/Results_June2026_99SigEff/model2.5_fin_results/model2_5_4bit_normalised_selected/pareto_secondary/model_trial_088.h5
model2_5,model25_4bit,015,405.0,0.9019022491336076,0.7610244874388117,33344,22106,44397.0,0,0,csynth,/home/dabadjiev/smartpixels_ml_dsabadjiev/Muon_Collider_Smart_Pixels/eric/Results_June2026_99SigEff/model2.5_fin_results/model2_5_4bit_normalised_selected/pareto_primary/model_trial_015.h5
model2_5,model25_4bit,066,489.0,0.8934136041626541,0.753755960101711,35377,23330,47042.0,0,0,csynth,/home/dabadjiev/smartpixels_ml_dsabadjiev/Muon_Collider_Smart_Pixels/eric/Results_June2026_99SigEff/model2.5_fin_results/model2_5_4bit_normalised_selected/pareto_secondary/model_trial_066.h5
model2_5,model25_4bit,051,391.0,0.886439981334958,0.7480112837537529,32492,21282,43133.0,0,0,csynth,/home/dabadjiev/smartpixels_ml_dsabadjiev/Muon_Collider_Smart_Pixels/eric/Results_June2026_99SigEff/model2.5_fin_results/model2_5_4bit_normalised_selected/pareto_primary/model_trial_051.h5
model2_5,model25_4bit,031,377.0,0.8893477285119726,0.7107646164219132,31601,20491,41846.5,0,0,csynth,/home/dabadjiev/smartpixels_ml_dsabadjiev/Muon_Collider_Smart_Pixels/eric/Results_June2026_99SigEff/model2.5_fin_results/model2_5_4bit_normalised_selected/pareto_primary/model_trial_031.h5
model2_5,model25_4bit,017,391.0,0.8677993522237405,0.6850919601742753,32492,21282,43133.0,0,0,csynth,/home/dabadjiev/smartpixels_ml_dsabadjiev/Muon_Collider_Smart_Pixels/eric/Results_June2026_99SigEff/model2.5_fin_results/model2_5_4bit_normalised_selected/pareto_secondary/model_trial_017.h5
model2_5,model25_6bit,118,11269.0,0.9760756491728376,0.8912351356499497,389382,98682,438723.0,0,0,csynth,/home/dabadjiev/smartpixels_ml_dsabadjiev/Muon_Collider_Smart_Pixels/eric/Results_June2026_99SigEff/model2.5_fin_results/model2_5_6bit_normalised_selected/pareto_primary/model_trial_118.h5
model2_5,model25_6bit,063,8833.0,0.974853490389904,0.8855327884961345,184937,75623,222748.5,0,0,csynth,/home/dabadjiev/smartpixels_ml_dsabadjiev/Muon_Collider_Smart_Pixels/eric/Results_June2026_99SigEff/model2.5_fin_results/model2_5_6bit_normalised_selected/pareto_primary/model_trial_063.h5
model2_5,model25_6bit,008,11737.0,0.974719152205286,0.8849462268058692,251983,92509,298237.5,0,0,csynth,/home/dabadjiev/smartpixels_ml_dsabadjiev/Muon_Collider_Smart_Pixels/eric/Results_June2026_99SigEff/model2.5_fin_results/model2_5_6bit_normalised_selected/pareto_secondary/model_trial_008.h5
model2_5,model25_6bit,042,8797.0,0.9747902206601908,0.8843294299769306,327703,86779,371092.5,0,0,csynth,/home/dabadjiev/smartpixels_ml_dsabadjiev/Muon_Collider_Smart_Pixels/eric/Results_June2026_99SigEff/model2.5_fin_results/model2_5_6bit_normalised_selected/pareto_primary/model_trial_042.h5
model2_5,model25_6bit,112,10525.0,0.9746830520579944,0.8824155456989003,240441,82808,281845.0,0,0,csynth,/home/dabadjiev/smartpixels_ml_dsabadjiev/Muon_Collider_Smart_Pixels/eric/Results_June2026_99SigEff/model2.5_fin_results/model2_5_6bit_normalised_selected/pareto_secondary/model_trial_112.h5
model2_5,model25_6bit,077,8185.0,0.9744194298845336,0.8816929258846046,208324,75906,246277.0,0,0,csynth,/home/dabadjiev/smartpixels_ml_dsabadjiev/Muon_Collider_Smart_Pixels/eric/Results_June2026_99SigEff/model2.5_fin_results/model2_5_6bit_normalised_selected/pareto_primary/model_trial_077.h5
model2_5,model25_6bit,092,8379.0,0.973352147854907,0.8806679546835742,433854,91356,479532.0,0,0,csynth,/home/dabadjiev/smartpixels_ml_dsabadjiev/Muon_Collider_Smart_Pixels/eric/Results_June2026_99SigEff/model2.5_fin_results/model2_5_6bit_normalised_selected/pareto_secondary/model_trial_092.h5
model2_5,model25_6bit,093,6271.0,0.9738923668345384,0.8800783694794416,175447,69047,209970.5,0,0,csynth,/home/dabadjiev/smartpixels_ml_dsabadjiev/Muon_Collider_Smart_Pixels/eric/Results_June2026_99SigEff/model2.5_fin_results/model2_5_6bit_normalised_selected/pareto_primary/model_trial_093.h5
model2_5,model25_6bit,065,5141.0,0.9736754303750392,0.8787873290580848,132455,58343,161626.5,0,0,csynth,/home/dabadjiev/smartpixels_ml_dsabadjiev/Muon_Collider_Smart_Pixels/eric/Results_June2026_99SigEff/model2.5_fin_results/model2_5_6bit_normalised_selected/pareto_primary/model_trial_065.h5
model2_5,model25_6bit,102,7051.0,0.9731362919048,0.8784517190188093,370611,81403,411312.5,0,0,csynth,/home/dabadjiev/smartpixels_ml_dsabadjiev/Muon_Collider_Smart_Pixels/eric/Results_June2026_99SigEff/model2.5_fin_results/model2_5_6bit_normalised_selected/pareto_secondary/model_trial_102.h5
model2_5,model25_6bit,099,5139.0,0.9732722176030902,0.8778077105650645,141894,59459,171623.5,0,0,csynth,/home/dabadjiev/smartpixels_ml_dsabadjiev/Muon_Collider_Smart_Pixels/eric/Results_June2026_99SigEff/model2.5_fin_results/model2_5_6bit_normalised_selected/pareto_primary/model_trial_099.h5
model2_5,model25_6bit,013,5143.0,0.973334284595166,0.8777290992045135,144834,59744,174706.0,0,0,csynth,/home/dabadjiev/smartpixels_ml_dsabadjiev/Muon_Collider_Smart_Pixels/eric/Results_June2026_99SigEff/model2.5_fin_results/model2_5_6bit_normalised_selected/pareto_secondary/model_trial_013.h5
model2_5,model25_6bit,043,3975.0,0.971394071358433,0.8721930453134024,111321,50098,136370.0,0,0,csynth,/home/dabadjiev/smartpixels_ml_dsabadjiev/Muon_Collider_Smart_Pixels/eric/Results_June2026_99SigEff/model2.5_fin_results/model2_5_6bit_normalised_selected/pareto_primary/model_trial_043.h5
model2_5,model25_6bit,006,3261.0,0.9702735508398044,0.866079500273628,103236,47369,126920.5,0,0,csynth,/home/dabadjiev/smartpixels_ml_dsabadjiev/Muon_Collider_Smart_Pixels/eric/Results_June2026_99SigEff/model2.5_fin_results/model2_5_6bit_normalised_selected/pareto_primary/model_trial_006.h5
model2_5,model25_6bit,024,4669.0,0.9690954696574816,0.8657136550956791,128154,56252,156280.0,0,0,csynth,/home/dabadjiev/smartpixels_ml_dsabadjiev/Muon_Collider_Smart_Pixels/eric/Results_June2026_99SigEff/model2.5_fin_results/model2_5_6bit_normalised_selected/pareto_secondary/model_trial_024.h5
model2_5,model25_6bit,019,3261.0,0.968167882212454,0.8629441163931898,114012,49640,138832.0,0,0,csynth,/home/dabadjiev/smartpixels_ml_dsabadjiev/Muon_Collider_Smart_Pixels/eric/Results_June2026_99SigEff/model2.5_fin_results/model2_5_6bit_normalised_selected/pareto_secondary/model_trial_019.h5
model2_5,model25_6bit,087,2637.0,0.9704038643597062,0.8600354960528026,92882,41219,113491.5,0,0,csynth,/home/dabadjiev/smartpixels_ml_dsabadjiev/Muon_Collider_Smart_Pixels/eric/Results_June2026_99SigEff/model2.5_fin_results/model2_5_6bit_normalised_selected/pareto_primary/model_trial_087.h5
model2_5,model25_6bit,027,2957.0,0.9688562333788272,0.8585781623687417,98613,45547,121386.5,0,0,csynth,/home/dabadjiev/smartpixels_ml_dsabadjiev/Muon_Collider_Smart_Pixels/eric/Results_June2026_99SigEff/model2.5_fin_results/model2_5_6bit_normalised_selected/pareto_secondary/model_trial_027.h5
model2_5,model25_6bit,089,2107.0,0.9665700259538164,0.8561502807332626,80007,38641,99327.5,0,0,csynth,/home/dabadjiev/smartpixels_ml_dsabadjiev/Muon_Collider_Smart_Pixels/eric/Results_June2026_99SigEff/model2.5_fin_results/model2_5_6bit_normalised_selected/pareto_primary/model_trial_089.h5
model2_5,model25_6bit,075,2271.0,0.9669789417171673,0.8558872350268034,88896,41850,109821.0,0,0,csynth,/home/dabadjiev/smartpixels_ml_dsabadjiev/Muon_Collider_Smart_Pixels/eric/Results_June2026_99SigEff/model2.5_fin_results/model2_5_6bit_normalised_selected/pareto_secondary/model_trial_075.h5
model2_5,model25_6bit,010,1589.0,0.9610101970485896,0.8532688720176815,71641,35742,89512.0,0,0,csynth,/home/dabadjiev/smartpixels_ml_dsabadjiev/Muon_Collider_Smart_Pixels/eric/Results_June2026_99SigEff/model2.5_fin_results/model2_5_6bit_normalised_selected/pareto_primary/model_trial_010.h5
model2_5,model25_6bit,025,1863.0,0.9633127806862504,0.8484796260518048,71284,35425,88996.5,0,0,csynth,/home/dabadjiev/smartpixels_ml_dsabadjiev/Muon_Collider_Smart_Pixels/eric/Results_June2026_99SigEff/model2.5_fin_results/model2_5_6bit_normalised_selected/pareto_secondary/model_trial_025.h5
model2_5,model25_6bit,020,1527.0,0.9616187773978504,0.8472641734771317,62824,33806,79727.0,0,0,csynth,/home/dabadjiev/smartpixels_ml_dsabadjiev/Muon_Collider_Smart_Pixels/eric/Results_June2026_99SigEff/model2.5_fin_results/model2_5_6bit_normalised_selected/pareto_primary/model_trial_020.h5
model2_5,model25_6bit,046,1729.0,0.958349677782226,0.844116695541224,66426,35767,84309.5,0,0,csynth,/home/dabadjiev/smartpixels_ml_dsabadjiev/Muon_Collider_Smart_Pixels/eric/Results_June2026_99SigEff/model2.5_fin_results/model2_5_6bit_normalised_selected/pareto_secondary/model_trial_046.h5
model2_5,model25_6bit,088,533.0,0.9566024276493684,0.8430493951460508,37534,25000,50034.0,0,0,csynth,/home/dabadjiev/smartpixels_ml_dsabadjiev/Muon_Collider_Smart_Pixels/eric/Results_June2026_99SigEff/model2.5_fin_results/model2_5_6bit_normalised_selected/pareto_primary/model_trial_088.h5
model2_5,model25_6bit,033,489.0,0.9556920642031816,0.8420607061114286,35451,23492,47197.0,0,0,csynth,/home/dabadjiev/smartpixels_ml_dsabadjiev/Muon_Collider_Smart_Pixels/eric/Results_June2026_99SigEff/model2.5_fin_results/model2_5_6bit_normalised_selected/pareto_primary/model_trial_033.h5
model2_5,model25_6bit,022,1311.0,0.9596599832920836,0.841679743364143,58597,30993,74093.5,0,0,csynth,/home/dabadjiev/smartpixels_ml_dsabadjiev/Muon_Collider_Smart_Pixels/eric/Results_June2026_99SigEff/model2.5_fin_results/model2_5_6bit_normalised_selected/pareto_secondary/model_trial_022.h5
model2_5,model25_6bit,080,1251.0,0.9580831973253991,0.8398142353079903,56866,29411,71571.5,0,0,csynth,/home/dabadjiev/smartpixels_ml_dsabadjiev/Muon_Collider_Smart_Pixels/eric/Results_June2026_99SigEff/model2.5_fin_results/model2_5_6bit_normalised_selected/pareto_secondary/model_trial_080.h5
model2_5,model25_6bit,096,1171.0,0.95743637937263,0.8396902712394291,56260,29703,71111.5,0,0,csynth,/home/dabadjiev/smartpixels_ml_dsabadjiev/Muon_Collider_Smart_Pixels/eric/Results_June2026_99SigEff/model2.5_fin_results/model2_5_6bit_normalised_selected/pareto_secondary/model_trial_096.h5
model2_5,model25_6bit,066,489.0,0.9550871538048732,0.8303173782506553,35451,23492,47197.0,0,0,csynth,/home/dabadjiev/smartpixels_ml_dsabadjiev/Muon_Collider_Smart_Pixels/eric/Results_June2026_99SigEff/model2.5_fin_results/model2_5_6bit_normalised_selected/pareto_secondary/model_trial_066.h5
model2_5,model25_6bit,031,377.0,0.9486937157043482,0.7880184192464799,31675,20657,42003.5,0,0,csynth,/home/dabadjiev/smartpixels_ml_dsabadjiev/Muon_Collider_Smart_Pixels/eric/Results_June2026_99SigEff/model2.5_fin_results/model2_5_6bit_normalised_selected/pareto_primary/model_trial_031.h5
model2_5,model25_6bit,051,391.0,0.9091299969712888,0.7731427310191359,32566,21448,43290.0,0,0,csynth,/home/dabadjiev/smartpixels_ml_dsabadjiev/Muon_Collider_Smart_Pixels/eric/Results_June2026_99SigEff/model2.5_fin_results/model2_5_6bit_normalised_selected/pareto_secondary/model_trial_051.h5
model2_5,model25_8bit,077,8185.0,0.97645304169985,0.8930371499148881,207954,76064,245986.0,0,0,csynth,/home/dabadjiev/smartpixels_ml_dsabadjiev/Muon_Collider_Smart_Pixels/eric/Results_June2026_99SigEff/model2.5_fin_results/model2_5_8bit_normalised_selected/pareto_primary/model_trial_077.h5
model2_5,model25_8bit,063,8833.0,0.9764015364376288,0.8928648096244494,184567,75781,222457.5,0,0,csynth,/home/dabadjiev/smartpixels_ml_dsabadjiev/Muon_Collider_Smart_Pixels/eric/Results_June2026_99SigEff/model2.5_fin_results/model2_5_8bit_normalised_selected/pareto_secondary/model_trial_063.h5
model2_5,model25_8bit,074,8191.0,0.976550031172517,0.8918216973402149,197383,75057,234911.5,0,0,csynth,/home/dabadjiev/smartpixels_ml_dsabadjiev/Muon_Collider_Smart_Pixels/eric/Results_June2026_99SigEff/model2.5_fin_results/model2_5_8bit_normalised_selected/pareto_secondary/model_trial_074.h5
model2_5,model25_8bit,065,5141.0,0.9752097482998408,0.8879092703958686,132085,58501,161335.5,0,0,csynth,/home/dabadjiev/smartpixels_ml_dsabadjiev/Muon_Collider_Smart_Pixels/eric/Results_June2026_99SigEff/model2.5_fin_results/model2_5_8bit_normalised_selected/pareto_primary/model_trial_065.h5
model2_5,model25_8bit,099,5139.0,0.9753158525276328,0.8864065840037976,141524,59617,171332.5,0,0,csynth,/home/dabadjiev/smartpixels_ml_dsabadjiev/Muon_Collider_Smart_Pixels/eric/Results_June2026_99SigEff/model2.5_fin_results/model2_5_8bit_normalised_selected/pareto_primary/model_trial_099.h5
model2_5,model25_8bit,102,7051.0,0.975445708261823,0.8857172228420426,370250,77881,409190.5,0,0,csynth,/home/dabadjiev/smartpixels_ml_dsabadjiev/Muon_Collider_Smart_Pixels/eric/Results_June2026_99SigEff/model2.5_fin_results/model2_5_8bit_normalised_selected/pareto_secondary/model_trial_102.h5
model2_5,model25_8bit,013,5143.0,0.973721446765831,0.88340725824739,144464,59902,174415.0,0,0,csynth,/home/dabadjiev/smartpixels_ml_dsabadjiev/Muon_Collider_Smart_Pixels/eric/Results_June2026_99SigEff/model2.5_fin_results/model2_5_8bit_normalised_selected/pareto_secondary/model_trial_013.h5
model2_5,model25_8bit,043,3975.0,0.9737060779477676,0.8814963974832271,110951,50256,136079.0,0,0,csynth,/home/dabadjiev/smartpixels_ml_dsabadjiev/Muon_Collider_Smart_Pixels/eric/Results_June2026_99SigEff/model2.5_fin_results/model2_5_8bit_normalised_selected/pareto_primary/model_trial_043.h5
model2_5,model25_8bit,049,3111.0,0.9697417748101734,0.8680568783428725,101734,46139,124803.5,0,0,csynth,/home/dabadjiev/smartpixels_ml_dsabadjiev/Muon_Collider_Smart_Pixels/eric/Results_June2026_99SigEff/model2.5_fin_results/model2_5_8bit_normalised_selected/pareto_primary/model_trial_049.h5
model2_5,model25_8bit,027,2957.0,0.9719683136016196,0.8673463525840461,98243,45705,121095.5,0,0,csynth,/home/dabadjiev/smartpixels_ml_dsabadjiev/Muon_Collider_Smart_Pixels/eric/Results_June2026_99SigEff/model2.5_fin_results/model2_5_8bit_normalised_selected/pareto_primary/model_trial_027.h5
model2_5,model25_8bit,006,3261.0,0.9718354271179572,0.8670681893082502,102866,47527,126629.5,0,0,csynth,/home/dabadjiev/smartpixels_ml_dsabadjiev/Muon_Collider_Smart_Pixels/eric/Results_June2026_99SigEff/model2.5_fin_results/model2_5_8bit_normalised_selected/pareto_secondary/model_trial_006.h5
model2_5,model25_8bit,087,2637.0,0.9709529842213148,0.8632132091273836,92512,41377,113200.5,0,0,csynth,/home/dabadjiev/smartpixels_ml_dsabadjiev/Muon_Collider_Smart_Pixels/eric/Results_June2026_99SigEff/model2.5_fin_results/model2_5_8bit_normalised_selected/pareto_primary/model_trial_087.h5
model2_5,model25_8bit,064,2965.0,0.96943407061155,0.8630378453230776,106321,48384,130513.0,0,0,csynth,/home/dabadjiev/smartpixels_ml_dsabadjiev/Muon_Collider_Smart_Pixels/eric/Results_June2026_99SigEff/model2.5_fin_results/model2_5_8bit_normalised_selected/pareto_secondary/model_trial_064.h5
model2_5,model25_8bit,075,2271.0,0.9667477536480952,0.8561049280252524,88526,42008,109530.0,0,0,csynth,/home/dabadjiev/smartpixels_ml_dsabadjiev/Muon_Collider_Smart_Pixels/eric/Results_June2026_99SigEff/model2.5_fin_results/model2_5_8bit_normalised_selected/pareto_primary/model_trial_075.h5
model2_5,model25_8bit,009,2771.0,0.9657755136346834,0.8541245264421405,95365,44452,117591.0,0,0,csynth,/home/dabadjiev/smartpixels_ml_dsabadjiev/Muon_Collider_Smart_Pixels/eric/Results_June2026_99SigEff/model2.5_fin_results/model2_5_8bit_normalised_selected/pareto_secondary/model_trial_009.h5
model2_5,model25_8bit,010,1589.0,0.9629025366111776,0.8540368445399875,71271,35900,89221.0,0,0,csynth,/home/dabadjiev/smartpixels_ml_dsabadjiev/Muon_Collider_Smart_Pixels/eric/Results_June2026_99SigEff/model2.5_fin_results/model2_5_8bit_normalised_selected/pareto_primary/model_trial_010.h5
model2_5,model25_8bit,089,2107.0,0.9632853859316188,0.850898437145682,79637,38803,99038.5,0,0,csynth,/home/dabadjiev/smartpixels_ml_dsabadjiev/Muon_Collider_Smart_Pixels/eric/Results_June2026_99SigEff/model2.5_fin_results/model2_5_8bit_normalised_selected/pareto_secondary/model_trial_089.h5
model2_5,model25_8bit,020,1527.0,0.961968760333356,0.8503511811356923,62454,33972,79440.0,0,0,csynth,/home/dabadjiev/smartpixels_ml_dsabadjiev/Muon_Collider_Smart_Pixels/eric/Results_June2026_99SigEff/model2.5_fin_results/model2_5_8bit_normalised_selected/pareto_primary/model_trial_020.h5
model2_5,model25_8bit,029,1281.0,0.966035977642548,0.8494380799477537,57322,30372,72508.0,0,0,csynth,/home/dabadjiev/smartpixels_ml_dsabadjiev/Muon_Collider_Smart_Pixels/eric/Results_June2026_99SigEff/model2.5_fin_results/model2_5_8bit_normalised_selected/pareto_primary/model_trial_029.h5
model2_5,model25_8bit,101,1853.0,0.9628096174199912,0.8465990004263154,77730,36249,95854.5,0,0,csynth,/home/dabadjiev/smartpixels_ml_dsabadjiev/Muon_Collider_Smart_Pixels/eric/Results_June2026_99SigEff/model2.5_fin_results/model2_5_8bit_normalised_selected/pareto_secondary/model_trial_101.h5
model2_5,model25_8bit,078,1545.0,0.9605574065283918,0.8463843309417338,67128,34214,84235.0,0,0,csynth,/home/dabadjiev/smartpixels_ml_dsabadjiev/Muon_Collider_Smart_Pixels/eric/Results_June2026_99SigEff/model2.5_fin_results/model2_5_8bit_normalised_selected/pareto_secondary/model_trial_078.h5
model2_5,model25_8bit,103,1401.0,0.9591296358350682,0.8436208392669793,61102,33529,77866.5,0,0,csynth,/home/dabadjiev/smartpixels_ml_dsabadjiev/Muon_Collider_Smart_Pixels/eric/Results_June2026_99SigEff/model2.5_fin_results/model2_5_8bit_normalised_selected/pareto_secondary/model_trial_103.h5
model2_5,model25_8bit,056,1339.0,0.9605580389284948,0.8427923964673264,59045,31738,74914.0,0,0,csynth,/home/dabadjiev/smartpixels_ml_dsabadjiev/Muon_Collider_Smart_Pixels/eric/Results_June2026_99SigEff/model2.5_fin_results/model2_5_8bit_normalised_selected/pareto_secondary/model_trial_056.h5
model2_5,model25_8bit,088,533.0,0.957596956187444,0.8422239758602653,37164,25162,49745.0,0,0,csynth,/home/dabadjiev/smartpixels_ml_dsabadjiev/Muon_Collider_Smart_Pixels/eric/Results_June2026_99SigEff/model2.5_fin_results/model2_5_8bit_normalised_selected/pareto_primary/model_trial_088.h5
model2_5,model25_8bit,022,1311.0,0.9603732269964488,0.8413562273803369,58227,31159,73806.5,0,0,csynth,/home/dabadjiev/smartpixels_ml_dsabadjiev/Muon_Collider_Smart_Pixels/eric/Results_June2026_99SigEff/model2.5_fin_results/model2_5_8bit_normalised_selected/pareto_secondary/model_trial_022.h5
model2_5,model25_8bit,096,1171.0,0.9593805857171516,0.8408633946199594,55890,29861,70820.5,0,0,csynth,/home/dabadjiev/smartpixels_ml_dsabadjiev/Muon_Collider_Smart_Pixels/eric/Results_June2026_99SigEff/model2.5_fin_results/model2_5_8bit_normalised_selected/pareto_secondary/model_trial_096.h5
model2_5,model25_8bit,033,489.0,0.956192880317804,0.8363704530130828,35081,23654,46908.0,0,0,csynth,/home/dabadjiev/smartpixels_ml_dsabadjiev/Muon_Collider_Smart_Pixels/eric/Results_June2026_99SigEff/model2.5_fin_results/model2_5_8bit_normalised_selected/pareto_primary/model_trial_033.h5
model2_5,model25_8bit,066,489.0,0.9559858383492816,0.82983361603188,35081,23654,46908.0,0,0,csynth,/home/dabadjiev/smartpixels_ml_dsabadjiev/Muon_Collider_Smart_Pixels/eric/Results_June2026_99SigEff/model2.5_fin_results/model2_5_8bit_normalised_selected/pareto_secondary/model_trial_066.h5
model2_5,model25_8bit,051,391.0,0.9520147470303766,0.8280830015026864,32196,21614,43003.0,0,0,csynth,/home/dabadjiev/smartpixels_ml_dsabadjiev/Muon_Collider_Smart_Pixels/eric/Results_June2026_99SigEff/model2.5_fin_results/model2_5_8bit_normalised_selected/pareto_primary/model_trial_051.h5
model2_5,model25_8bit,015,405.0,0.9103427763670152,0.7798428377491753,33048,22438,44267.0,0,0,csynth,/home/dabadjiev/smartpixels_ml_dsabadjiev/Muon_Collider_Smart_Pixels/eric/Results_June2026_99SigEff/model2.5_fin_results/model2_5_8bit_normalised_selected/pareto_secondary/model_trial_015.h5
model2_5,model25_8bit,031,377.0,0.912897693290551,0.7265987585452061,31305,20823,41716.5,0,0,csynth,/home/dabadjiev/smartpixels_ml_dsabadjiev/Muon_Collider_Smart_Pixels/eric/Results_June2026_99SigEff/model2.5_fin_results/model2_5_8bit_normalised_selected/pareto_primary/model_trial_031.h5
model2_5,model25_8bit,017,391.0,0.890676500263889,0.7171744658206876,32196,21614,43003.0,0,0,csynth,/home/dabadjiev/smartpixels_ml_dsabadjiev/Muon_Collider_Smart_Pixels/eric/Results_June2026_99SigEff/model2.5_fin_results/model2_5_8bit_normalised_selected/pareto_secondary/model_trial_017.h5
model2_5,model25_10bit,118,11269.0,0.9765802988142775,0.8927892217777657,391338,103009,442842.5,0,0,csynth,/home/dabadjiev/smartpixels_ml_dsabadjiev/Muon_Collider_Smart_Pixels/eric/Results_June2026_99SigEff/model2.5_fin_results/model2_5_10bit_normalised_selected/pareto_primary/model_trial_118.h5
model2_5,model25_10bit,063,8833.0,0.9760997011191064,0.8926501401398678,187289,75997,225287.5,0,0,csynth,/home/dabadjiev/smartpixels_ml_dsabadjiev/Muon_Collider_Smart_Pixels/eric/Results_June2026_99SigEff/model2.5_fin_results/model2_5_10bit_normalised_selected/pareto_primary/model_trial_063.h5
model2_5,model25_10bit,074,8191.0,0.976262661876072,0.8918761205898271,200564,75275,238201.5,0,0,csynth,/home/dabadjiev/smartpixels_ml_dsabadjiev/Muon_Collider_Smart_Pixels/eric/Results_June2026_99SigEff/model2.5_fin_results/model2_5_10bit_normalised_selected/pareto_primary/model_trial_074.h5
model2_5,model25_10bit,008,11737.0,0.9759317570140464,0.891404452426521,253980,94275,301117.5,0,0,csynth,/home/dabadjiev/smartpixels_ml_dsabadjiev/Muon_Collider_Smart_Pixels/eric/Results_June2026_99SigEff/model2.5_fin_results/model2_5_10bit_normalised_selected/pareto_secondary/model_trial_008.h5
model2_5,model25_10bit,112,10525.0,0.9762241592153952,0.8889040064582256,241610,83173,283196.5,0,0,csynth,/home/dabadjiev/smartpixels_ml_dsabadjiev/Muon_Collider_Smart_Pixels/eric/Results_June2026_99SigEff/model2.5_fin_results/model2_5_10bit_normalised_selected/pareto_secondary/model_trial_112.h5
model2_5,model25_10bit,011,8957.0,0.9752044684564914,0.8884686204613277,208360,81169,248944.5,0,0,csynth,/home/dabadjiev/smartpixels_ml_dsabadjiev/Muon_Collider_Smart_Pixels/eric/Results_June2026_99SigEff/model2.5_fin_results/model2_5_10bit_normalised_selected/pareto_secondary/model_trial_011.h5
model2_5,model25_10bit,065,5141.0,0.9750961390219176,0.8866454415993179,132449,58676,161787.0,0,0,csynth,/home/dabadjiev/smartpixels_ml_dsabadjiev/Muon_Collider_Smart_Pixels/eric/Results_June2026_99SigEff/model2.5_fin_results/model2_5_10bit_normalised_selected/pareto_primary/model_trial_065.h5
model2_5,model25_10bit,102,7051.0,0.9750532812400918,0.8866212534883792,370382,85357,413060.5,0,0,csynth,/home/dabadjiev/smartpixels_ml_dsabadjiev/Muon_Collider_Smart_Pixels/eric/Results_June2026_99SigEff/model2.5_fin_results/model2_5_10bit_normalised_selected/pareto_secondary/model_trial_102.h5
model2_5,model25_10bit,099,5139.0,0.97540803116402,0.8864821718504812,141503,59798,171402.0,0,0,csynth,/home/dabadjiev/smartpixels_ml_dsabadjiev/Muon_Collider_Smart_Pixels/eric/Results_June2026_99SigEff/model2.5_fin_results/model2_5_10bit_normalised_selected/pareto_primary/model_trial_099.h5
model2_5,model25_10bit,093,6271.0,0.9752386791692952,0.8850853084437672,174701,69399,209400.5,0,0,csynth,/home/dabadjiev/smartpixels_ml_dsabadjiev/Muon_Collider_Smart_Pixels/eric/Results_June2026_99SigEff/model2.5_fin_results/model2_5_10bit_normalised_selected/pareto_secondary/model_trial_093.h5
model2_5,model25_10bit,013,5143.0,0.9747940293491832,0.8846801575855427,144600,60127,174663.5,0,0,csynth,/home/dabadjiev/smartpixels_ml_dsabadjiev/Muon_Collider_Smart_Pixels/eric/Results_June2026_99SigEff/model2.5_fin_results/model2_5_10bit_normalised_selected/pareto_secondary/model_trial_013.h5
model2_5,model25_10bit,043,3975.0,0.9743088946965792,0.8801055811042477,110267,50451,135492.5,0,0,csynth,/home/dabadjiev/smartpixels_ml_dsabadjiev/Muon_Collider_Smart_Pixels/eric/Results_June2026_99SigEff/model2.5_fin_results/model2_5_10bit_normalised_selected/pareto_primary/model_trial_043.h5
model2_5,model25_10bit,024,4669.0,0.9726148762010676,0.8712799441254637,127294,56605,155596.5,0,0,csynth,/home/dabadjiev/smartpixels_ml_dsabadjiev/Muon_Collider_Smart_Pixels/eric/Results_June2026_99SigEff/model2.5_fin_results/model2_5_10bit_normalised_selected/pareto_secondary/model_trial_024.h5
model2_5,model25_10bit,087,2637.0,0.971225250748732,0.8707205940600047,91236,41550,112011.0,0,0,csynth,/home/dabadjiev/smartpixels_ml_dsabadjiev/Muon_Collider_Smart_Pixels/eric/Results_June2026_99SigEff/model2.5_fin_results/model2_5_10bit_normalised_selected/pareto_primary/model_trial_087.h5
model2_5,model25_10bit,064,2965.0,0.9717863544405329,0.8698800572048824,104911,48567,129194.5,0,0,csynth,/home/dabadjiev/smartpixels_ml_dsabadjiev/Muon_Collider_Smart_Pixels/eric/Results_June2026_99SigEff/model2.5_fin_results/model2_5_10bit_normalised_selected/pareto_secondary/model_trial_064.h5
model2_5,model25_10bit,081,1563.0,0.9678845831517812,0.8635427721389244,61937,34770,79322.0,0,0,csynth,/home/dabadjiev/smartpixels_ml_dsabadjiev/Muon_Collider_Smart_Pixels/eric/Results_June2026_99SigEff/model2.5_fin_results/model2_5_10bit_normalised_selected/pareto_primary/model_trial_081.h5
model2_5,model25_10bit,009,2771.0,0.9667343493584892,0.8609667383239453,94087,44641,116407.5,0,0,csynth,/home/dabadjiev/smartpixels_ml_dsabadjiev/Muon_Collider_Smart_Pixels/eric/Results_June2026_99SigEff/model2.5_fin_results/model2_5_10bit_normalised_selected/pareto_secondary/model_trial_009.h5
model2_5,model25_10bit,020,1527.0,0.9651972923481152,0.8555879071539362,61015,34161,78095.5,0,0,csynth,/home/dabadjiev/smartpixels_ml_dsabadjiev/Muon_Collider_Smart_Pixels/eric/Results_June2026_99SigEff/model2.5_fin_results/model2_5_10bit_normalised_selected/pareto_primary/model_trial_020.h5
model2_5,model25_10bit,089,2107.0,0.9651759553306452,0.8538040339722018,78291,38976,97779.0,0,0,csynth,/home/dabadjiev/smartpixels_ml_dsabadjiev/Muon_Collider_Smart_Pixels/eric/Results_June2026_99SigEff/model2.5_fin_results/model2_5_10bit_normalised_selected/pareto_secondary/model_trial_089.h5
model2_5,model25_10bit,029,1281.0,0.962915477671228,0.8521380778312939,55891,30536,71159.0,0,0,csynth,/home/dabadjiev/smartpixels_ml_dsabadjiev/Muon_Collider_Smart_Pixels/eric/Results_June2026_99SigEff/model2.5_fin_results/model2_5_10bit_normalised_selected/pareto_primary/model_trial_029.h5
model2_5,model25_10bit,010,1589.0,0.962604008645182,0.849903701083325,69720,36061,87750.5,0,0,csynth,/home/dabadjiev/smartpixels_ml_dsabadjiev/Muon_Collider_Smart_Pixels/eric/Results_June2026_99SigEff/model2.5_fin_results/model2_5_10bit_normalised_selected/pareto_secondary/model_trial_010.h5
model2_5,model25_10bit,078,1545.0,0.9623251676633352,0.8475241956697235,65579,34363,82760.5,0,0,csynth,/home/dabadjiev/smartpixels_ml_dsabadjiev/Muon_Collider_Smart_Pixels/eric/Results_June2026_99SigEff/model2.5_fin_results/model2_5_10bit_normalised_selected/pareto_secondary/model_trial_078.h5
model2_5,model25_10bit,056,1339.0,0.9618201861942168,0.8466110944817848,57718,31917,73676.5,0,0,csynth,/home/dabadjiev/smartpixels_ml_dsabadjiev/Muon_Collider_Smart_Pixels/eric/Results_June2026_99SigEff/model2.5_fin_results/model2_5_10bit_normalised_selected/pareto_secondary/model_trial_056.h5
model2_5,model25_10bit,022,1311.0,0.9609476386890026,0.8463601428307951,56795,31342,72466.0,0,0,csynth,/home/dabadjiev/smartpixels_ml_dsabadjiev/Muon_Collider_Smart_Pixels/eric/Results_June2026_99SigEff/model2.5_fin_results/model2_5_10bit_normalised_selected/pareto_secondary/model_trial_022.h5
model2_5,model25_10bit,057,711.0,0.9563345365466742,0.8460910500966012,41465,25355,54142.5,0,0,csynth,/home/dabadjiev/smartpixels_ml_dsabadjiev/Muon_Collider_Smart_Pixels/eric/Results_June2026_99SigEff/model2.5_fin_results/model2_5_10bit_normalised_selected/pareto_primary/model_trial_057.h5
model2_5,model25_10bit,096,1171.0,0.9591181869917044,0.8436359568363161,54360,30032,69376.0,0,0,csynth,/home/dabadjiev/smartpixels_ml_dsabadjiev/Muon_Collider_Smart_Pixels/eric/Results_June2026_99SigEff/model2.5_fin_results/model2_5_10bit_normalised_selected/pareto_secondary/model_trial_096.h5
model2_5,model25_10bit,088,533.0,0.957366978082473,0.8380364091539906,35693,25311,48348.5,0,0,csynth,/home/dabadjiev/smartpixels_ml_dsabadjiev/Muon_Collider_Smart_Pixels/eric/Results_June2026_99SigEff/model2.5_fin_results/model2_5_10bit_normalised_selected/pareto_primary/model_trial_088.h5
model2_5,model25_10bit,033,489.0,0.9567331116523564,0.8377098696563172,33609,23790,45504.0,0,0,csynth,/home/dabadjiev/smartpixels_ml_dsabadjiev/Muon_Collider_Smart_Pixels/eric/Results_June2026_99SigEff/model2.5_fin_results/model2_5_10bit_normalised_selected/pareto_primary/model_trial_033.h5
model2_5,model25_10bit,052,725.0,0.9573314396658658,0.8347347320108484,42344,26137,55412.5,0,0,csynth,/home/dabadjiev/smartpixels_ml_dsabadjiev/Muon_Collider_Smart_Pixels/eric/Results_June2026_99SigEff/model2.5_fin_results/model2_5_10bit_normalised_selected/pareto_secondary/model_trial_052.h5
model2_5,model25_10bit,066,489.0,0.95540936037729,0.8234479547440444,33609,23790,45504.0,0,0,csynth,/home/dabadjiev/smartpixels_ml_dsabadjiev/Muon_Collider_Smart_Pixels/eric/Results_June2026_99SigEff/model2.5_fin_results/model2_5_10bit_normalised_selected/pareto_secondary/model_trial_066.h5
model2_5,model25_10bit,051,391.0,0.9532133768371888,0.8173616213290762,30673,21758,41552.0,0,0,csynth,/home/dabadjiev/smartpixels_ml_dsabadjiev/Muon_Collider_Smart_Pixels/eric/Results_June2026_99SigEff/model2.5_fin_results/model2_5_10bit_normalised_selected/pareto_primary/model_trial_051.h5
model2_5,model25_10bit,031,377.0,0.907373374668546,0.781333430085777,29782,20967,40265.5,0,0,csynth,/home/dabadjiev/smartpixels_ml_dsabadjiev/Muon_Collider_Smart_Pixels/eric/Results_June2026_99SigEff/model2.5_fin_results/model2_5_10bit_normalised_selected/pareto_primary/model_trial_031.h5
model2_5,model25_10bit,015,405.0,0.9465055282977844,0.7622399400134849,31524,22578,42813.0,0,0,csynth,/home/dabadjiev/smartpixels_ml_dsabadjiev/Muon_Collider_Smart_Pixels/eric/Results_June2026_99SigEff/model2.5_fin_results/model2_5_10bit_normalised_selected/pareto_secondary/model_trial_015.h5
model2_5,model25_10bit,017,391.0,0.93217189792217,0.7529335643297927,30673,21758,41552.0,0,0,csynth,/home/dabadjiev/smartpixels_ml_dsabadjiev/Muon_Collider_Smart_Pixels/eric/Results_June2026_99SigEff/model2.5_fin_results/model2_5_10bit_normalised_selected/pareto_secondary/model_trial_017.h5
model3,model3_3bit,066,57149.0,0.9702223476903734,0.875210512153014,1351774,640202,1671875.0,0,0,csynth,/home/dabadjiev/smartpixels_ml_dsabadjiev/Muon_Collider_Smart_Pixels/eric/Results_June2026_99SigEff/model3_fin_results/model3_3bit_normalised_selected/pareto_primary/model_trial_066.h5
model3,model3_3bit,014,36393.0,0.968156969919138,0.8708415346146985,990724,491476,1236462.0,0,0,csynth,/home/dabadjiev/smartpixels_ml_dsabadjiev/Muon_Collider_Smart_Pixels/eric/Results_June2026_99SigEff/model3_fin_results/model3_3bit_normalised_selected/pareto_primary/model_trial_014.h5
model3,model3_3bit,087,15615.0,0.967190930083291,0.8685920402973928,591517,331920,757477.0,0,0,csynth,/home/dabadjiev/smartpixels_ml_dsabadjiev/Muon_Collider_Smart_Pixels/eric/Results_June2026_99SigEff/model3_fin_results/model3_3bit_normalised_selected/pareto_primary/model_trial_087.h5
model3,model3_3bit,010,15103.0,0.9680794099153016,0.86003851956667,7487927,737117,7856485.5,0,0,csynth,/home/dabadjiev/smartpixels_ml_dsabadjiev/Muon_Collider_Smart_Pixels/eric/Results_June2026_99SigEff/model3_fin_results/model3_3bit_normalised_selected/pareto_primary/model_trial_010.h5
model3,model3_3bit,074,10115.0,0.9662465917830828,0.8597301211522006,705202,462259,936331.5,0,0,csynth,/home/dabadjiev/smartpixels_ml_dsabadjiev/Muon_Collider_Smart_Pixels/eric/Results_June2026_99SigEff/model3_fin_results/model3_3bit_normalised_selected/pareto_primary/model_trial_074.h5
model3,model3_3bit,023,5237.0,0.9585687016017758,0.8559235171932116,7372026,738553,7741302.5,0,0,csynth,/home/dabadjiev/smartpixels_ml_dsabadjiev/Muon_Collider_Smart_Pixels/eric/Results_June2026_99SigEff/model3_fin_results/model3_3bit_normalised_selected/pareto_primary/model_trial_023.h5
model3,model3_3bit,097,3909.0,0.9606742363041576,0.8248811003171665,283703,187572,377489.0,0,0,csynth,/home/dabadjiev/smartpixels_ml_dsabadjiev/Muon_Collider_Smart_Pixels/eric/Results_June2026_99SigEff/model3_fin_results/model3_3bit_normalised_selected/pareto_primary/model_trial_097.h5
model3,model3_3bit,072,3095.0,0.9425675428701096,0.771573527321983,608049,445758,830928.0,0,0,csynth,/home/dabadjiev/smartpixels_ml_dsabadjiev/Muon_Collider_Smart_Pixels/eric/Results_June2026_99SigEff/model3_fin_results/model3_3bit_normalised_selected/pareto_primary/model_trial_072.h5
model3,model3_3bit,062,1433.0,0.8548215251300466,0.4949915492787408,259542,183240,351162.0,0,0,csynth,/home/dabadjiev/smartpixels_ml_dsabadjiev/Muon_Collider_Smart_Pixels/eric/Results_June2026_99SigEff/model3_fin_results/model3_3bit_normalised_selected/pareto_primary/model_trial_062.h5
model3,model3_3bit,108,1211.0,0.7968821763907443,0.1153712421502021,250552,175472,338288.0,0,0,csynth,/home/dabadjiev/smartpixels_ml_dsabadjiev/Muon_Collider_Smart_Pixels/eric/Results_June2026_99SigEff/model3_fin_results/model3_3bit_normalised_selected/pareto_primary/model_trial_108.h5
model3,model3_4bit,115,59269.0,0.9763266722839968,0.8964053443631119,1376257,655595,1704054.5,0,0,csynth,/home/dabadjiev/smartpixels_ml_dsabadjiev/Muon_Collider_Smart_Pixels/eric/Results_June2026_99SigEff/model3_fin_results/model3_4bit_normalised_selected/pareto_primary/model_trial_115.h5
model3,model3_4bit,004,40249.0,0.9755651587206902,0.8960667108099691,763782,378358,952961.0,0,0,csynth,/home/dabadjiev/smartpixels_ml_dsabadjiev/Muon_Collider_Smart_Pixels/eric/Results_June2026_99SigEff/model3_fin_results/model3_4bit_normalised_selected/pareto_primary/model_trial_004.h5
model3,model3_4bit,014,36393.0,0.9750640968651768,0.8933001956213472,991562,494410,1238767.0,0,0,csynth,/home/dabadjiev/smartpixels_ml_dsabadjiev/Muon_Collider_Smart_Pixels/eric/Results_June2026_99SigEff/model3_fin_results/model3_4bit_normalised_selected/pareto_primary/model_trial_014.h5
model3,model3_4bit,016,23979.0,0.9752124206697532,0.8922842949619189,810682,480018,1050691.0,0,0,csynth,/home/dabadjiev/smartpixels_ml_dsabadjiev/Muon_Collider_Smart_Pixels/eric/Results_June2026_99SigEff/model3_fin_results/model3_4bit_normalised_selected/pareto_primary/model_trial_016.h5
model3,model3_4bit,090,16901.0,0.9737366304611924,0.8881904571855319,745464,470431,980679.5,0,0,csynth,/home/dabadjiev/smartpixels_ml_dsabadjiev/Muon_Collider_Smart_Pixels/eric/Results_June2026_99SigEff/model3_fin_results/model3_4bit_normalised_selected/pareto_primary/model_trial_090.h5
model3,model3_4bit,101,16095.0,0.9729113486336184,0.8850369322218896,547900,335454,715627.0,0,0,csynth,/home/dabadjiev/smartpixels_ml_dsabadjiev/Muon_Collider_Smart_Pixels/eric/Results_June2026_99SigEff/model3_fin_results/model3_4bit_normalised_selected/pareto_primary/model_trial_101.h5
model3,model3_4bit,099,15541.0,0.974318800395202,0.8828509316957982,849626,467793,1083522.5,0,0,csynth,/home/dabadjiev/smartpixels_ml_dsabadjiev/Muon_Collider_Smart_Pixels/eric/Results_June2026_99SigEff/model3_fin_results/model3_4bit_normalised_selected/pareto_primary/model_trial_099.h5
model3,model3_4bit,106,12427.0,0.973142354176213,0.8822915816303392,867211,591587,1163004.5,0,0,csynth,/home/dabadjiev/smartpixels_ml_dsabadjiev/Muon_Collider_Smart_Pixels/eric/Results_June2026_99SigEff/model3_fin_results/model3_4bit_normalised_selected/pareto_primary/model_trial_106.h5
model3,model3_4bit,100,11225.0,0.9721081390898768,0.8820406299793494,496169,323882,658110.0,0,0,csynth,/home/dabadjiev/smartpixels_ml_dsabadjiev/Muon_Collider_Smart_Pixels/eric/Results_June2026_99SigEff/model3_fin_results/model3_4bit_normalised_selected/pareto_primary/model_trial_100.h5
model3,model3_4bit,074,10115.0,0.9707501732442358,0.879262020735258,706040,463785,937932.5,0,0,csynth,/home/dabadjiev/smartpixels_ml_dsabadjiev/Muon_Collider_Smart_Pixels/eric/Results_June2026_99SigEff/model3_fin_results/model3_4bit_normalised_selected/pareto_primary/model_trial_074.h5
model3,model3_4bit,073,9839.0,0.9704583455078706,0.8763352593116669,680597,458950,910072.0,0,0,csynth,/home/dabadjiev/smartpixels_ml_dsabadjiev/Muon_Collider_Smart_Pixels/eric/Results_June2026_99SigEff/model3_fin_results/model3_4bit_normalised_selected/pareto_primary/model_trial_073.h5
model3,model3_4bit,023,5237.0,0.9669496793217084,0.8737773665798918,7372864,738881,7742304.5,0,0,csynth,/home/dabadjiev/smartpixels_ml_dsabadjiev/Muon_Collider_Smart_Pixels/eric/Results_June2026_99SigEff/model3_fin_results/model3_4bit_normalised_selected/pareto_primary/model_trial_023.h5
model3,model3_4bit,005,5161.0,0.9677387567279188,0.8665148862705259,7379766,736900,7748216.0,0,0,csynth,/home/dabadjiev/smartpixels_ml_dsabadjiev/Muon_Collider_Smart_Pixels/eric/Results_June2026_99SigEff/model3_fin_results/model3_4bit_normalised_selected/pareto_primary/model_trial_005.h5
model3,model3_4bit,097,3909.0,0.9683114812538252,0.8614414300011187,284541,188128,378605.0,0,0,csynth,/home/dabadjiev/smartpixels_ml_dsabadjiev/Muon_Collider_Smart_Pixels/eric/Results_June2026_99SigEff/model3_fin_results/model3_4bit_normalised_selected/pareto_primary/model_trial_097.h5
model3,model3_4bit,072,3095.0,0.950998710969605,0.8279197317538497,608887,446809,832291.5,0,0,csynth,/home/dabadjiev/smartpixels_ml_dsabadjiev/Muon_Collider_Smart_Pixels/eric/Results_June2026_99SigEff/model3_fin_results/model3_4bit_normalised_selected/pareto_primary/model_trial_072.h5
model3,model3_4bit,108,1211.0,0.9269994607432324,0.742136596309499,251390,176031,339405.5,0,0,csynth,/home/dabadjiev/smartpixels_ml_dsabadjiev/Muon_Collider_Smart_Pixels/eric/Results_June2026_99SigEff/model3_fin_results/model3_4bit_normalised_selected/pareto_primary/model_trial_108.h5
model3,model3_6bit,084,49505.0,0.980866404724509,0.9123332154162924,8127877,814106,8534930.0,0,0,csynth,/home/dabadjiev/smartpixels_ml_dsabadjiev/Muon_Collider_Smart_Pixels/eric/Results_June2026_99SigEff/model3_fin_results/model3_6bit_normalised_selected/pareto_primary/model_trial_084.h5
model3,model3_6bit,033,46735.0,0.9803456123386636,0.9098297459341296,7826861,780812,8217267.0,0,0,csynth,/home/dabadjiev/smartpixels_ml_dsabadjiev/Muon_Collider_Smart_Pixels/eric/Results_June2026_99SigEff/model3_fin_results/model3_6bit_normalised_selected/pareto_primary/model_trial_033.h5
model3,model3_6bit,014,36393.0,0.980637767441589,0.9088682685243136,992133,501654,1242960.0,0,0,csynth,/home/dabadjiev/smartpixels_ml_dsabadjiev/Muon_Collider_Smart_Pixels/eric/Results_June2026_99SigEff/model3_fin_results/model3_6bit_normalised_selected/pareto_primary/model_trial_014.h5
model3,model3_6bit,075,23473.0,0.979806643605753,0.9080277316691912,851858,484992,1094354.0,0,0,csynth,/home/dabadjiev/smartpixels_ml_dsabadjiev/Muon_Collider_Smart_Pixels/eric/Results_June2026_99SigEff/model3_fin_results/model3_6bit_normalised_selected/pareto_primary/model_trial_075.h5
model3,model3_6bit,088,15773.0,0.9787836150572446,0.9027970526786822,541275,334251,708400.5,0,0,csynth,/home/dabadjiev/smartpixels_ml_dsabadjiev/Muon_Collider_Smart_Pixels/eric/Results_June2026_99SigEff/model3_fin_results/model3_6bit_normalised_selected/pareto_primary/model_trial_088.h5
model3,model3_6bit,056,15217.0,0.9777427377933388,0.8997916798945398,404583,215413,512289.5,0,0,csynth,/home/dabadjiev/smartpixels_ml_dsabadjiev/Muon_Collider_Smart_Pixels/eric/Results_June2026_99SigEff/model3_fin_results/model3_6bit_normalised_selected/pareto_primary/model_trial_056.h5
model3,model3_6bit,100,11225.0,0.9770190572018724,0.897288210412377,496740,326582,660031.0,0,0,csynth,/home/dabadjiev/smartpixels_ml_dsabadjiev/Muon_Collider_Smart_Pixels/eric/Results_June2026_99SigEff/model3_fin_results/model3_6bit_normalised_selected/pareto_primary/model_trial_100.h5
model3,model3_6bit,102,5333.0,0.9760966569268584,0.8967107192637139,7421490,739354,7791167.0,0,0,csynth,/home/dabadjiev/smartpixels_ml_dsabadjiev/Muon_Collider_Smart_Pixels/eric/Results_June2026_99SigEff/model3_fin_results/model3_6bit_normalised_selected/pareto_primary/model_trial_102.h5
model3,model3_6bit,005,5161.0,0.9720186772700368,0.8896024381615826,7380337,737552,7749113.0,0,0,csynth,/home/dabadjiev/smartpixels_ml_dsabadjiev/Muon_Collider_Smart_Pixels/eric/Results_June2026_99SigEff/model3_fin_results/model3_6bit_normalised_selected/pareto_primary/model_trial_005.h5
model3,model3_6bit,072,3095.0,0.970310338552402,0.8822250643252575,609458,448987,833951.5,0,0,csynth,/home/dabadjiev/smartpixels_ml_dsabadjiev/Muon_Collider_Smart_Pixels/eric/Results_June2026_99SigEff/model3_fin_results/model3_6bit_normalised_selected/pareto_primary/model_trial_072.h5
model3,model3_6bit,051,2373.0,0.9710363743172904,0.881565938302176,416725,319002,576226.0,0,0,csynth,/home/dabadjiev/smartpixels_ml_dsabadjiev/Muon_Collider_Smart_Pixels/eric/Results_June2026_99SigEff/model3_fin_results/model3_6bit_normalised_selected/pareto_primary/model_trial_051.h5
model3,model3_6bit,108,1211.0,0.9585783634746804,0.8226134649166569,251961,177133,340527.5,0,0,csynth,/home/dabadjiev/smartpixels_ml_dsabadjiev/Muon_Collider_Smart_Pixels/eric/Results_June2026_99SigEff/model3_fin_results/model3_6bit_normalised_selected/pareto_primary/model_trial_108.h5
model3,model3_8bit,009,71025.0,0.9812018966629876,0.915574422282088,1483303,676799,1821702.5,0,0,csynth,/home/dabadjiev/smartpixels_ml_dsabadjiev/Muon_Collider_Smart_Pixels/eric/Results_June2026_99SigEff/model3_fin_results/model3_8bit_normalised_selected/pareto_primary/model_trial_009.h5
model3,model3_8bit,019,59073.0,0.9809106448451264,0.9145706156781288,1252061,661424,1582773.0,0,0,csynth,/home/dabadjiev/smartpixels_ml_dsabadjiev/Muon_Collider_Smart_Pixels/eric/Results_June2026_99SigEff/model3_fin_results/model3_8bit_normalised_selected/pareto_primary/model_trial_019.h5
model3,model3_8bit,075,23473.0,0.9806610836781255,0.910295367069701,849159,484484,1091401.0,0,0,csynth,/home/dabadjiev/smartpixels_ml_dsabadjiev/Muon_Collider_Smart_Pixels/eric/Results_June2026_99SigEff/model3_fin_results/model3_8bit_normalised_selected/pareto_primary/model_trial_075.h5
model3,model3_8bit,036,16279.0,0.9789847007607664,0.906271070112263,655033,344740,827403.0,0,0,csynth,/home/dabadjiev/smartpixels_ml_dsabadjiev/Muon_Collider_Smart_Pixels/eric/Results_June2026_99SigEff/model3_fin_results/model3_8bit_normalised_selected/pareto_primary/model_trial_036.h5
model3,model3_8bit,073,9839.0,0.9782038506990683,0.901599741187213,678469,462934,909936.0,0,0,csynth,/home/dabadjiev/smartpixels_ml_dsabadjiev/Muon_Collider_Smart_Pixels/eric/Results_June2026_99SigEff/model3_fin_results/model3_8bit_normalised_selected/pareto_primary/model_trial_073.h5
model3,model3_8bit,043,6413.0,0.9749635252972516,0.8887437602232563,496485,319913,656441.5,0,0,csynth,/home/dabadjiev/smartpixels_ml_dsabadjiev/Muon_Collider_Smart_Pixels/eric/Results_June2026_99SigEff/model3_fin_results/model3_8bit_normalised_selected/pareto_primary/model_trial_043.h5
model3,model3_8bit,072,3095.0,0.9739520274600296,0.884646898933002,606750,450605,832052.5,0,0,csynth,/home/dabadjiev/smartpixels_ml_dsabadjiev/Muon_Collider_Smart_Pixels/eric/Results_June2026_99SigEff/model3_fin_results/model3_8bit_normalised_selected/pareto_primary/model_trial_072.h5
model3,model3_8bit,051,2373.0,0.9715274464899704,0.8788024466274215,414017,320326,574180.0,0,0,csynth,/home/dabadjiev/smartpixels_ml_dsabadjiev/Muon_Collider_Smart_Pixels/eric/Results_June2026_99SigEff/model3_fin_results/model3_8bit_normalised_selected/pareto_primary/model_trial_051.h5
