model,run_name,trial_id,parameters,auc,bkg_rej_@99%,luts,registers,luts_plus_0.5*_ff,dsp,bram,hls_source,fullPath
model3,model3_10bit,084,49505.0,0.9813564181860284,0.9158495620440164,8123801,827677,8537639.5,0,0,csynth,/home/dabadjiev/smartpixels_ml_dsabadjiev/Muon_Collider_Smart_Pixels/eric/Results_June2026_99SigEff/model3_fin_results/model3_10bit_normalised_selected/pareto_primary/model_trial_084.h5
model3,model3_8bit,009,71025.0,0.9812018966629876,0.915574422282088,1483303,676799,1821702.5,0,0,csynth,/home/dabadjiev/smartpixels_ml_dsabadjiev/Muon_Collider_Smart_Pixels/eric/Results_June2026_99SigEff/model3_fin_results/model3_8bit_normalised_selected/pareto_primary/model_trial_009.h5
model3,model3_10bit,110,39201.0,0.9815186694103368,0.9151692714238634,1150147,648808,1474551.0,0,0,csynth,/home/dabadjiev/smartpixels_ml_dsabadjiev/Muon_Collider_Smart_Pixels/eric/Results_June2026_99SigEff/model3_fin_results/model3_10bit_normalised_selected/pareto_primary/model_trial_110.h5
model3,model3_8bit,110,39201.0,0.9804457926308512,0.9115894310049252,1149886,636229,1468000.5,0,0,csynth,/home/dabadjiev/smartpixels_ml_dsabadjiev/Muon_Collider_Smart_Pixels/eric/Results_June2026_99SigEff/model3_fin_results/model3_8bit_normalised_selected/pareto_primary/model_trial_110.h5
model3,model3_10bit,016,23979.0,0.9805583842801264,0.9103165316667724,804678,492267,1050811.5,0,0,csynth,/home/dabadjiev/smartpixels_ml_dsabadjiev/Muon_Collider_Smart_Pixels/eric/Results_June2026_99SigEff/model3_fin_results/model3_10bit_normalised_selected/pareto_primary/model_trial_016.h5
model3,model3_10bit,090,16901.0,0.97998228080897,0.9099174278362828,734640,480952,975116.0,0,0,csynth,/home/dabadjiev/smartpixels_ml_dsabadjiev/Muon_Collider_Smart_Pixels/eric/Results_June2026_99SigEff/model3_fin_results/model3_10bit_normalised_selected/pareto_primary/model_trial_090.h5
model3,model3_10bit,088,15773.0,0.9798013939023776,0.9072265004943444,531118,338471,700353.5,0,0,csynth,/home/dabadjiev/smartpixels_ml_dsabadjiev/Muon_Collider_Smart_Pixels/eric/Results_June2026_99SigEff/model3_fin_results/model3_10bit_normalised_selected/pareto_primary/model_trial_088.h5
model3,model3_8bit,100,11225.0,0.9788848561997358,0.9061198944188956,494032,328674,658369.0,0,0,csynth,/home/dabadjiev/smartpixels_ml_dsabadjiev/Muon_Collider_Smart_Pixels/eric/Results_June2026_99SigEff/model3_fin_results/model3_8bit_normalised_selected/pareto_primary/model_trial_100.h5
model3,model3_10bit,046,14241.0,0.9782765350112878,0.9047986188588654,384988,215292,492634.0,0,0,csynth,/home/dabadjiev/smartpixels_ml_dsabadjiev/Muon_Collider_Smart_Pixels/eric/Results_June2026_99SigEff/model3_fin_results/model3_10bit_normalised_selected/pareto_primary/model_trial_046.h5
model2_5,model25_8bit,077,8185.0,0.97645304169985,0.8930371499148881,207954,76064,245986.0,0,0,csynth,/home/dabadjiev/smartpixels_ml_dsabadjiev/Muon_Collider_Smart_Pixels/eric/Results_June2026_99SigEff/model2.5_fin_results/model2_5_8bit_normalised_selected/pareto_primary/model_trial_077.h5
model2_5,model25_8bit,063,8833.0,0.9764015364376288,0.8928648096244494,184567,75781,222457.5,0,0,csynth,/home/dabadjiev/smartpixels_ml_dsabadjiev/Muon_Collider_Smart_Pixels/eric/Results_June2026_99SigEff/model2.5_fin_results/model2_5_8bit_normalised_selected/pareto_secondary/model_trial_063.h5
model2_5,model25_8bit,065,5141.0,0.9752097482998408,0.8879092703958686,132085,58501,161335.5,0,0,csynth,/home/dabadjiev/smartpixels_ml_dsabadjiev/Muon_Collider_Smart_Pixels/eric/Results_June2026_99SigEff/model2.5_fin_results/model2_5_8bit_normalised_selected/pareto_primary/model_trial_065.h5
model2_5,model25_8bit,043,3975.0,0.9737060779477676,0.8814963974832271,110951,50256,136079.0,0,0,csynth,/home/dabadjiev/smartpixels_ml_dsabadjiev/Muon_Collider_Smart_Pixels/eric/Results_June2026_99SigEff/model2.5_fin_results/model2_5_8bit_normalised_selected/pareto_primary/model_trial_043.h5
model2_5,model25_10bit,043,3975.0,0.9743088946965792,0.8801055811042477,110267,50451,135492.5,0,0,csynth,/home/dabadjiev/smartpixels_ml_dsabadjiev/Muon_Collider_Smart_Pixels/eric/Results_June2026_99SigEff/model2.5_fin_results/model2_5_10bit_normalised_selected/pareto_primary/model_trial_043.h5
model2_5,model25_10bit,087,2637.0,0.971225250748732,0.8707205940600047,91236,41550,112011.0,0,0,csynth,/home/dabadjiev/smartpixels_ml_dsabadjiev/Muon_Collider_Smart_Pixels/eric/Results_June2026_99SigEff/model2.5_fin_results/model2_5_10bit_normalised_selected/pareto_primary/model_trial_087.h5
model2_5,model25_10bit,081,1563.0,0.9678845831517812,0.8635427721389244,61937,34770,79322.0,0,0,csynth,/home/dabadjiev/smartpixels_ml_dsabadjiev/Muon_Collider_Smart_Pixels/eric/Results_June2026_99SigEff/model2.5_fin_results/model2_5_10bit_normalised_selected/pareto_primary/model_trial_081.h5
model2_5,model25_10bit,020,1527.0,0.9651972923481152,0.8555879071539362,61015,34161,78095.5,0,0,csynth,/home/dabadjiev/smartpixels_ml_dsabadjiev/Muon_Collider_Smart_Pixels/eric/Results_June2026_99SigEff/model2.5_fin_results/model2_5_10bit_normalised_selected/pareto_primary/model_trial_020.h5
model2_5,model25_10bit,029,1281.0,0.962915477671228,0.8521380778312939,55891,30536,71159.0,0,0,csynth,/home/dabadjiev/smartpixels_ml_dsabadjiev/Muon_Collider_Smart_Pixels/eric/Results_June2026_99SigEff/model2.5_fin_results/model2_5_10bit_normalised_selected/pareto_primary/model_trial_029.h5
model2_5,model25_10bit,057,711.0,0.9563345365466742,0.8460910500966012,41465,25355,54142.5,0,0,csynth,/home/dabadjiev/smartpixels_ml_dsabadjiev/Muon_Collider_Smart_Pixels/eric/Results_June2026_99SigEff/model2.5_fin_results/model2_5_10bit_normalised_selected/pareto_primary/model_trial_057.h5
model2_5,model25_6bit,088,533.0,0.9566024276493684,0.8430493951460508,37534,25000,50034.0,0,0,csynth,/home/dabadjiev/smartpixels_ml_dsabadjiev/Muon_Collider_Smart_Pixels/eric/Results_June2026_99SigEff/model2.5_fin_results/model2_5_6bit_normalised_selected/pareto_primary/model_trial_088.h5
model2_5,model25_8bit,088,533.0,0.957596956187444,0.8422239758602653,37164,25162,49745.0,0,0,csynth,/home/dabadjiev/smartpixels_ml_dsabadjiev/Muon_Collider_Smart_Pixels/eric/Results_June2026_99SigEff/model2.5_fin_results/model2_5_8bit_normalised_selected/pareto_primary/model_trial_088.h5
model2_5,model25_6bit,033,489.0,0.9556920642031816,0.8420607061114286,35451,23492,47197.0,0,0,csynth,/home/dabadjiev/smartpixels_ml_dsabadjiev/Muon_Collider_Smart_Pixels/eric/Results_June2026_99SigEff/model2.5_fin_results/model2_5_6bit_normalised_selected/pareto_primary/model_trial_033.h5
model2_5,model25_10bit,033,489.0,0.9567331116523564,0.8377098696563172,33609,23790,45504.0,0,0,csynth,/home/dabadjiev/smartpixels_ml_dsabadjiev/Muon_Collider_Smart_Pixels/eric/Results_June2026_99SigEff/model2.5_fin_results/model2_5_10bit_normalised_selected/pareto_primary/model_trial_033.h5
model2_5,model25_8bit,051,391.0,0.9520147470303766,0.8280830015026864,32196,21614,43003.0,0,0,csynth,/home/dabadjiev/smartpixels_ml_dsabadjiev/Muon_Collider_Smart_Pixels/eric/Results_June2026_99SigEff/model2.5_fin_results/model2_5_8bit_normalised_selected/pareto_primary/model_trial_051.h5
model1,model1_8w10i,1047,391.0,0.9480106694019824,0.8216761756177795,19927,13546,26700.0,0,0,csynth,/home/dabadjiev/smartpixels_ml_dsabadjiev/Muon_Collider_Smart_Pixels/eric/Results_June2026_99SigEff/model1_fin_results/model1_8bit_normalised_selected/pareto_primary/model_trial_1047.h5
model1,model1_8w10i,1046,265.0,0.9483342619652744,0.8197864794506879,16404,11114,21961.0,0,0,csynth,/home/dabadjiev/smartpixels_ml_dsabadjiev/Muon_Collider_Smart_Pixels/eric/Results_June2026_99SigEff/model1_fin_results/model1_8bit_normalised_selected/pareto_primary/model_trial_1046.h5
model1,model1_10w12i,1235,281.0,0.946628167711278,0.8145074242383012,15807,10542,21078.0,0,0,csynth,/home/dabadjiev/smartpixels_ml_dsabadjiev/Muon_Collider_Smart_Pixels/eric/Results_June2026_99SigEff/model1_fin_results/model1_10bit_normalised_selected/pareto_secondary/model_trial_1235.h5
model1,model1_8w10i,1042,211.0,0.9452101569303348,0.8128263505280566,14687,9963,19668.5,0,0,csynth,/home/dabadjiev/smartpixels_ml_dsabadjiev/Muon_Collider_Smart_Pixels/eric/Results_June2026_99SigEff/model1_fin_results/model1_8bit_normalised_selected/pareto_primary/model_trial_1042.h5
model1,model1_10w12i,1231,235.0,0.9464365090137458,0.8118618496043732,14655,9781,19545.5,0,0,csynth,/home/dabadjiev/smartpixels_ml_dsabadjiev/Muon_Collider_Smart_Pixels/eric/Results_June2026_99SigEff/model1_fin_results/model1_10bit_normalised_selected/pareto_primary/model_trial_1231.h5
model1,model1_8w10i,1048,163.0,0.9452931797976464,0.809494438246241,12549,8322,16710.0,0,0,csynth,/home/dabadjiev/smartpixels_ml_dsabadjiev/Muon_Collider_Smart_Pixels/eric/Results_June2026_99SigEff/model1_fin_results/model1_8bit_normalised_selected/pareto_primary/model_trial_1048.h5
model1,model1_10w12i,1232,155.0,0.9447221468172312,0.8030634242503953,12320,7961,16300.5,0,0,csynth,/home/dabadjiev/smartpixels_ml_dsabadjiev/Muon_Collider_Smart_Pixels/eric/Results_June2026_99SigEff/model1_fin_results/model1_10bit_normalised_selected/pareto_primary/model_trial_1232.h5
model1,model1_6w8i,836,121.0,0.9388993287785602,0.7975938876643658,10051,6650,13376.0,0,0,csynth,/home/dabadjiev/smartpixels_ml_dsabadjiev/Muon_Collider_Smart_Pixels/eric/Results_June2026_99SigEff/model1_fin_results/model1_6bit_normalised_selected/pareto_primary/model_trial_836.h5
model1,model1_8w10i,1031,121.0,0.9418471349615152,0.7960277074810804,10011,6666,13344.0,0,0,csynth,/home/dabadjiev/smartpixels_ml_dsabadjiev/Muon_Collider_Smart_Pixels/eric/Results_June2026_99SigEff/model1_fin_results/model1_8bit_normalised_selected/pareto_primary/model_trial_1031.h5
model1,model1_6w8i,849,85.0,0.9354657172485852,0.7884175230769697,9126,6117,12184.5,0,0,csynth,/home/dabadjiev/smartpixels_ml_dsabadjiev/Muon_Collider_Smart_Pixels/eric/Results_June2026_99SigEff/model1_fin_results/model1_6bit_normalised_selected/pareto_primary/model_trial_849.h5
model1,model1_8w10i,1034,91.0,0.9343880440263256,0.7755554950852782,8508,5855,11435.5,0,0,csynth,/home/dabadjiev/smartpixels_ml_dsabadjiev/Muon_Collider_Smart_Pixels/eric/Results_June2026_99SigEff/model1_fin_results/model1_8bit_normalised_selected/pareto_primary/model_trial_1034.h5
model1,model1_10w12i,1234,65.0,0.9182796353638978,0.7119377398024436,7377,5036,9895.0,0,0,csynth,/home/dabadjiev/smartpixels_ml_dsabadjiev/Muon_Collider_Smart_Pixels/eric/Results_June2026_99SigEff/model1_fin_results/model1_10bit_normalised_selected/pareto_primary/model_trial_1234.h5
model1,model1_10w12i,1224,61.0,0.8907899117945108,0.6890164811740909,6373,4482,8614.0,0,0,csynth,/home/dabadjiev/smartpixels_ml_dsabadjiev/Muon_Collider_Smart_Pixels/eric/Results_June2026_99SigEff/model1_fin_results/model1_10bit_normalised_selected/pareto_primary/model_trial_1224.h5
model1,model1_10w12i,1241,31.0,0.8332578157126982,0.6168482286744008,6352,3942,8323.0,0,0,csynth,/home/dabadjiev/smartpixels_ml_dsabadjiev/Muon_Collider_Smart_Pixels/eric/Results_June2026_99SigEff/model1_fin_results/model1_10bit_normalised_selected/pareto_primary/model_trial_1241.h5
model1,model1_10w12i,1222,45.0,0.8622075434848769,0.5875503792998147,5636,3927,7599.5,0,0,csynth,/home/dabadjiev/smartpixels_ml_dsabadjiev/Muon_Collider_Smart_Pixels/eric/Results_June2026_99SigEff/model1_fin_results/model1_10bit_normalised_selected/pareto_secondary/model_trial_1222.h5
model1,model1_8w10i,1035,25.0,0.82340753744996,0.5565563386456471,5319,3371,7004.5,0,0,csynth,/home/dabadjiev/smartpixels_ml_dsabadjiev/Muon_Collider_Smart_Pixels/eric/Results_June2026_99SigEff/model1_fin_results/model1_8bit_normalised_selected/pareto_primary/model_trial_1035.h5
model1,model1_8w10i,1028,19.0,0.8116697974599648,0.5298526641692443,4318,2812,5724.0,0,0,csynth,/home/dabadjiev/smartpixels_ml_dsabadjiev/Muon_Collider_Smart_Pixels/eric/Results_June2026_99SigEff/model1_fin_results/model1_8bit_normalised_selected/pareto_primary/model_trial_1028.h5
model1,model1_10w12i,1228,19.0,0.8375222662251283,0.3630363335661439,4246,2824,5658.0,0,0,csynth,/home/dabadjiev/smartpixels_ml_dsabadjiev/Muon_Collider_Smart_Pixels/eric/Results_June2026_99SigEff/model1_fin_results/model1_10bit_normalised_selected/pareto_primary/model_trial_1228.h5
