model,run_name,trial_id,parameters,auc,bkg_rej_@99%,luts,registers,luts_plus_0.25*_ff,dsp,bram,hls_source,fullPath
model3,model3_8bit,009,71025.0,0.9812018966629876,0.915574422282088,1483303,676799,1652502.75,0,0,csynth,/home/dabadjiev/smartpixels_ml_dsabadjiev/Muon_Collider_Smart_Pixels/eric/Results_June2026_99SigEff/model3_fin_results/model3_8bit_normalised_selected/pareto_primary/model_trial_009.h5
model3,model3_8bit,019,59073.0,0.9809106448451264,0.9145706156781288,1252061,661424,1417417.0,0,0,csynth,/home/dabadjiev/smartpixels_ml_dsabadjiev/Muon_Collider_Smart_Pixels/eric/Results_June2026_99SigEff/model3_fin_results/model3_8bit_normalised_selected/pareto_primary/model_trial_019.h5
model3,model3_8bit,075,23473.0,0.9806610836781255,0.910295367069701,849159,484484,970280.0,0,0,csynth,/home/dabadjiev/smartpixels_ml_dsabadjiev/Muon_Collider_Smart_Pixels/eric/Results_June2026_99SigEff/model3_fin_results/model3_8bit_normalised_selected/pareto_primary/model_trial_075.h5
model3,model3_8bit,036,16279.0,0.9789847007607664,0.906271070112263,655033,344740,741218.0,0,0,csynth,/home/dabadjiev/smartpixels_ml_dsabadjiev/Muon_Collider_Smart_Pixels/eric/Results_June2026_99SigEff/model3_fin_results/model3_8bit_normalised_selected/pareto_primary/model_trial_036.h5
model3,model3_6bit,088,15773.0,0.9787836150572446,0.9027970526786822,541275,334251,624837.75,0,0,csynth,/home/dabadjiev/smartpixels_ml_dsabadjiev/Muon_Collider_Smart_Pixels/eric/Results_June2026_99SigEff/model3_fin_results/model3_6bit_normalised_selected/pareto_primary/model_trial_088.h5
model3,model3_6bit,056,15217.0,0.9777427377933388,0.8997916798945398,404583,215413,458436.25,0,0,csynth,/home/dabadjiev/smartpixels_ml_dsabadjiev/Muon_Collider_Smart_Pixels/eric/Results_June2026_99SigEff/model3_fin_results/model3_6bit_normalised_selected/pareto_primary/model_trial_056.h5
model2_5,model25_8bit,077,8185.0,0.97645304169985,0.8930371499148881,207954,76064,226970.0,0,0,csynth,/home/dabadjiev/smartpixels_ml_dsabadjiev/Muon_Collider_Smart_Pixels/eric/Results_June2026_99SigEff/model2.5_fin_results/model2_5_8bit_normalised_selected/pareto_primary/model_trial_077.h5
model2_5,model25_8bit,063,8833.0,0.9764015364376288,0.8928648096244494,184567,75781,203512.25,0,0,csynth,/home/dabadjiev/smartpixels_ml_dsabadjiev/Muon_Collider_Smart_Pixels/eric/Results_June2026_99SigEff/model2.5_fin_results/model2_5_8bit_normalised_selected/pareto_secondary/model_trial_063.h5
model2_5,model25_8bit,065,5141.0,0.9752097482998408,0.8879092703958686,132085,58501,146710.25,0,0,csynth,/home/dabadjiev/smartpixels_ml_dsabadjiev/Muon_Collider_Smart_Pixels/eric/Results_June2026_99SigEff/model2.5_fin_results/model2_5_8bit_normalised_selected/pareto_primary/model_trial_065.h5
model2_5,model25_8bit,043,3975.0,0.9737060779477676,0.8814963974832271,110951,50256,123515.0,0,0,csynth,/home/dabadjiev/smartpixels_ml_dsabadjiev/Muon_Collider_Smart_Pixels/eric/Results_June2026_99SigEff/model2.5_fin_results/model2_5_8bit_normalised_selected/pareto_primary/model_trial_043.h5
model2_5,model25_10bit,043,3975.0,0.9743088946965792,0.8801055811042477,110267,50451,122879.75,0,0,csynth,/home/dabadjiev/smartpixels_ml_dsabadjiev/Muon_Collider_Smart_Pixels/eric/Results_June2026_99SigEff/model2.5_fin_results/model2_5_10bit_normalised_selected/pareto_primary/model_trial_043.h5
model2_5,model25_10bit,087,2637.0,0.971225250748732,0.8707205940600047,91236,41550,101623.5,0,0,csynth,/home/dabadjiev/smartpixels_ml_dsabadjiev/Muon_Collider_Smart_Pixels/eric/Results_June2026_99SigEff/model2.5_fin_results/model2_5_10bit_normalised_selected/pareto_primary/model_trial_087.h5
model2_5,model25_10bit,081,1563.0,0.9678845831517812,0.8635427721389244,61937,34770,70629.5,0,0,csynth,/home/dabadjiev/smartpixels_ml_dsabadjiev/Muon_Collider_Smart_Pixels/eric/Results_June2026_99SigEff/model2.5_fin_results/model2_5_10bit_normalised_selected/pareto_primary/model_trial_081.h5
model2_5,model25_10bit,020,1527.0,0.9651972923481152,0.8555879071539362,61015,34161,69555.25,0,0,csynth,/home/dabadjiev/smartpixels_ml_dsabadjiev/Muon_Collider_Smart_Pixels/eric/Results_June2026_99SigEff/model2.5_fin_results/model2_5_10bit_normalised_selected/pareto_primary/model_trial_020.h5
model2_5,model25_10bit,029,1281.0,0.962915477671228,0.8521380778312939,55891,30536,63525.0,0,0,csynth,/home/dabadjiev/smartpixels_ml_dsabadjiev/Muon_Collider_Smart_Pixels/eric/Results_June2026_99SigEff/model2.5_fin_results/model2_5_10bit_normalised_selected/pareto_primary/model_trial_029.h5
model2_5,model25_10bit,057,711.0,0.9563345365466742,0.8460910500966012,41465,25355,47803.75,0,0,csynth,/home/dabadjiev/smartpixels_ml_dsabadjiev/Muon_Collider_Smart_Pixels/eric/Results_June2026_99SigEff/model2.5_fin_results/model2_5_10bit_normalised_selected/pareto_primary/model_trial_057.h5
model2_5,model25_6bit,088,533.0,0.9566024276493684,0.8430493951460508,37534,25000,43784.0,0,0,csynth,/home/dabadjiev/smartpixels_ml_dsabadjiev/Muon_Collider_Smart_Pixels/eric/Results_June2026_99SigEff/model2.5_fin_results/model2_5_6bit_normalised_selected/pareto_primary/model_trial_088.h5
model2_5,model25_8bit,088,533.0,0.957596956187444,0.8422239758602653,37164,25162,43454.5,0,0,csynth,/home/dabadjiev/smartpixels_ml_dsabadjiev/Muon_Collider_Smart_Pixels/eric/Results_June2026_99SigEff/model2.5_fin_results/model2_5_8bit_normalised_selected/pareto_primary/model_trial_088.h5
model2_5,model25_6bit,033,489.0,0.9556920642031816,0.8420607061114286,35451,23492,41324.0,0,0,csynth,/home/dabadjiev/smartpixels_ml_dsabadjiev/Muon_Collider_Smart_Pixels/eric/Results_June2026_99SigEff/model2.5_fin_results/model2_5_6bit_normalised_selected/pareto_primary/model_trial_033.h5
model2_5,model25_10bit,033,489.0,0.9567331116523564,0.8377098696563172,33609,23790,39556.5,0,0,csynth,/home/dabadjiev/smartpixels_ml_dsabadjiev/Muon_Collider_Smart_Pixels/eric/Results_June2026_99SigEff/model2.5_fin_results/model2_5_10bit_normalised_selected/pareto_primary/model_trial_033.h5
model2_5,model25_8bit,051,391.0,0.9520147470303766,0.8280830015026864,32196,21614,37599.5,0,0,csynth,/home/dabadjiev/smartpixels_ml_dsabadjiev/Muon_Collider_Smart_Pixels/eric/Results_June2026_99SigEff/model2.5_fin_results/model2_5_8bit_normalised_selected/pareto_primary/model_trial_051.h5
model1,model1_8w10i,1047,391.0,0.9480106694019824,0.8216761756177795,19927,13546,23313.5,0,0,csynth,/home/dabadjiev/smartpixels_ml_dsabadjiev/Muon_Collider_Smart_Pixels/eric/Results_June2026_99SigEff/model1_fin_results/model1_8bit_normalised_selected/pareto_primary/model_trial_1047.h5
model1,model1_8w10i,1046,265.0,0.9483342619652744,0.8197864794506879,16404,11114,19182.5,0,0,csynth,/home/dabadjiev/smartpixels_ml_dsabadjiev/Muon_Collider_Smart_Pixels/eric/Results_June2026_99SigEff/model1_fin_results/model1_8bit_normalised_selected/pareto_primary/model_trial_1046.h5
model1,model1_10w12i,1235,281.0,0.946628167711278,0.8145074242383012,15807,10542,18442.5,0,0,csynth,/home/dabadjiev/smartpixels_ml_dsabadjiev/Muon_Collider_Smart_Pixels/eric/Results_June2026_99SigEff/model1_fin_results/model1_10bit_normalised_selected/pareto_secondary/model_trial_1235.h5
model1,model1_8w10i,1042,211.0,0.9452101569303348,0.8128263505280566,14687,9963,17177.75,0,0,csynth,/home/dabadjiev/smartpixels_ml_dsabadjiev/Muon_Collider_Smart_Pixels/eric/Results_June2026_99SigEff/model1_fin_results/model1_8bit_normalised_selected/pareto_primary/model_trial_1042.h5
model1,model1_10w12i,1231,235.0,0.9464365090137458,0.8118618496043732,14655,9781,17100.25,0,0,csynth,/home/dabadjiev/smartpixels_ml_dsabadjiev/Muon_Collider_Smart_Pixels/eric/Results_June2026_99SigEff/model1_fin_results/model1_10bit_normalised_selected/pareto_primary/model_trial_1231.h5
model1,model1_8w10i,1048,163.0,0.9452931797976464,0.809494438246241,12549,8322,14629.5,0,0,csynth,/home/dabadjiev/smartpixels_ml_dsabadjiev/Muon_Collider_Smart_Pixels/eric/Results_June2026_99SigEff/model1_fin_results/model1_8bit_normalised_selected/pareto_primary/model_trial_1048.h5
model1,model1_10w12i,1232,155.0,0.9447221468172312,0.8030634242503953,12320,7961,14310.25,0,0,csynth,/home/dabadjiev/smartpixels_ml_dsabadjiev/Muon_Collider_Smart_Pixels/eric/Results_June2026_99SigEff/model1_fin_results/model1_10bit_normalised_selected/pareto_primary/model_trial_1232.h5
model1,model1_6w8i,836,121.0,0.9388993287785602,0.7975938876643658,10051,6650,11713.5,0,0,csynth,/home/dabadjiev/smartpixels_ml_dsabadjiev/Muon_Collider_Smart_Pixels/eric/Results_June2026_99SigEff/model1_fin_results/model1_6bit_normalised_selected/pareto_primary/model_trial_836.h5
model1,model1_8w10i,1031,121.0,0.9418471349615152,0.7960277074810804,10011,6666,11677.5,0,0,csynth,/home/dabadjiev/smartpixels_ml_dsabadjiev/Muon_Collider_Smart_Pixels/eric/Results_June2026_99SigEff/model1_fin_results/model1_8bit_normalised_selected/pareto_primary/model_trial_1031.h5
model1,model1_6w8i,849,85.0,0.9354657172485852,0.7884175230769697,9126,6117,10655.25,0,0,csynth,/home/dabadjiev/smartpixels_ml_dsabadjiev/Muon_Collider_Smart_Pixels/eric/Results_June2026_99SigEff/model1_fin_results/model1_6bit_normalised_selected/pareto_primary/model_trial_849.h5
model1,model1_8w10i,1034,91.0,0.9343880440263256,0.7755554950852782,8508,5855,9971.75,0,0,csynth,/home/dabadjiev/smartpixels_ml_dsabadjiev/Muon_Collider_Smart_Pixels/eric/Results_June2026_99SigEff/model1_fin_results/model1_8bit_normalised_selected/pareto_primary/model_trial_1034.h5
model1,model1_10w12i,1234,65.0,0.9182796353638978,0.7119377398024436,7377,5036,8636.0,0,0,csynth,/home/dabadjiev/smartpixels_ml_dsabadjiev/Muon_Collider_Smart_Pixels/eric/Results_June2026_99SigEff/model1_fin_results/model1_10bit_normalised_selected/pareto_primary/model_trial_1234.h5
model1,model1_10w12i,1224,61.0,0.8907899117945108,0.6890164811740909,6373,4482,7493.5,0,0,csynth,/home/dabadjiev/smartpixels_ml_dsabadjiev/Muon_Collider_Smart_Pixels/eric/Results_June2026_99SigEff/model1_fin_results/model1_10bit_normalised_selected/pareto_primary/model_trial_1224.h5
model1,model1_10w12i,1241,31.0,0.8332578157126982,0.6168482286744008,6352,3942,7337.5,0,0,csynth,/home/dabadjiev/smartpixels_ml_dsabadjiev/Muon_Collider_Smart_Pixels/eric/Results_June2026_99SigEff/model1_fin_results/model1_10bit_normalised_selected/pareto_primary/model_trial_1241.h5
model1,model1_10w12i,1222,45.0,0.8622075434848769,0.5875503792998147,5636,3927,6617.75,0,0,csynth,/home/dabadjiev/smartpixels_ml_dsabadjiev/Muon_Collider_Smart_Pixels/eric/Results_June2026_99SigEff/model1_fin_results/model1_10bit_normalised_selected/pareto_secondary/model_trial_1222.h5
model1,model1_8w10i,1035,25.0,0.82340753744996,0.5565563386456471,5319,3371,6161.75,0,0,csynth,/home/dabadjiev/smartpixels_ml_dsabadjiev/Muon_Collider_Smart_Pixels/eric/Results_June2026_99SigEff/model1_fin_results/model1_8bit_normalised_selected/pareto_primary/model_trial_1035.h5
model1,model1_8w10i,1028,19.0,0.8116697974599648,0.5298526641692443,4318,2812,5021.0,0,0,csynth,/home/dabadjiev/smartpixels_ml_dsabadjiev/Muon_Collider_Smart_Pixels/eric/Results_June2026_99SigEff/model1_fin_results/model1_8bit_normalised_selected/pareto_primary/model_trial_1028.h5
model1,model1_10w12i,1228,19.0,0.8375222662251283,0.3630363335661439,4246,2824,4952.0,0,0,csynth,/home/dabadjiev/smartpixels_ml_dsabadjiev/Muon_Collider_Smart_Pixels/eric/Results_June2026_99SigEff/model1_fin_results/model1_10bit_normalised_selected/pareto_primary/model_trial_1228.h5
