trial_id,parameters,auc,primary_metric,bkg_rej_@95%,bkg_rej_@98%,bkg_rej_@99%,model_name,val_accuracy,h5_file,output_dir,luts,luts_used,luts_available,luts_percent,registers,registers_used,registers_available,registers_percent,bram,bram_used,bram_available,bram_percent,dsp,dsp_used,dsp_available,dsp_percent,latency_min,latency_max,interval_min,interval_max,estimated_fmax,run_name,global_id,model_family,bit_width,luts_plus_ff
099,10703,0.9450474876772909,0.829727490695136,0.8634460196951693,0.8320649692659815,0.8046870511971603,,,,,147433,147433,53200,277.0,179807,179807,106400,168.0,892,892,280,318.0,14,14,220,6.0,103,107,23,23,98.0488,model2.5_quantizedinputs_3w0i_pareto_roc_selected,model2.5_quantizedinputs_3w0i_pareto_roc_selected_099,Model 2.5,3,327240
102,17865,0.9427438980391432,0.823410765523476,0.858493503980456,0.8272878173555743,0.7922997148826423,,,,,265935,265935,53200,499.0,286276,286276,106400,269.0,1948,1948,280,695.0,67,67,220,30.0,87,91,16,16,102.1138,model2.5_quantizedinputs_3w0i_pareto_roc_selected,model2.5_quantizedinputs_3w0i_pareto_roc_selected_102,Model 2.5,3,552211
035,7659,0.9395225336018768,0.8195439936385268,0.8552643911701301,0.8268191727061356,0.7762206681360944,,,,,123185,123185,53200,231.0,142344,142344,106400,133.0,356,356,280,127.0,8,8,220,3.0,89,93,20,20,98.0488,model2.5_quantizedinputs_3w0i_pareto_roc_selected,model2.5_quantizedinputs_3w0i_pareto_roc_selected_035,Model 2.5,3,265529
008,10781,0.9426812296279696,0.8167112634962099,0.8590468070181804,0.8260814353225031,0.762747890343199,,,,,158589,158589,53200,298.0,170690,170690,106400,160.0,612,612,280,218.0,63,63,220,28.0,88,92,18,18,102.1138,model2.5_quantizedinputs_3w0i_pareto_roc_selected,model2.5_quantizedinputs_3w0i_pareto_roc_selected_008,Model 2.5,3,329279
135,6279,0.9396259867369148,0.8120360040031324,0.8523587943436103,0.8152360910803318,0.7806743040626956,,,,,322604,322604,53200,606.0,328600,328600,106400,308.0,1000,1000,280,357.0,10,10,220,4.0,80,84,20,20,98.0488,model2.5_quantizedinputs_3w0i_pareto_roc_selected,model2.5_quantizedinputs_3w0i_pareto_roc_selected_135,Model 2.5,3,651204
062,7917,0.93794007665323,0.8084126249845045,0.849126658019417,0.8156865946465663,0.7625967146498318,,,,,122596,122596,53200,230.0,142288,142288,106400,133.0,336,336,280,120.0,19,19,220,8.0,97,101,20,20,102.1138,model2.5_quantizedinputs_3w0i_pareto_roc_selected,model2.5_quantizedinputs_3w0i_pareto_roc_selected_062,Model 2.5,3,264884
092,4061,0.9274089235832252,0.8081447416558575,0.8396993417810311,0.8122579299209955,0.7779712826652879,,,,,83384,83384,53200,156.0,96847,96847,106400,91.0,228,228,280,81.0,7,7,220,3.0,74,78,16,16,102.1138,model2.5_quantizedinputs_3w0i_pareto_roc_selected,model2.5_quantizedinputs_3w0i_pareto_roc_selected_092,Model 2.5,3,180231
101,6721,0.9321860097789814,0.8065951907988426,0.8470706685896214,0.8122609534348629,0.766527282677382,,,,,123179,123179,53200,231.0,147657,147657,106400,138.0,352,352,280,125.0,12,12,220,5.0,81,85,16,16,99.691,model2.5_quantizedinputs_3w0i_pareto_roc_selected,model2.5_quantizedinputs_3w0i_pareto_roc_selected_101,Model 2.5,3,270836
063,1853,0.9350188248251576,0.7983936070822789,0.8384959832618273,0.8031178475000076,0.7618075775304544,,,,,48804,48804,53200,91.0,55783,55783,106400,52.0,116,116,280,41.0,4,4,220,1.0,70,74,16,16,104.6682,model2.5_quantizedinputs_3w0i_pareto_roc_selected,model2.5_quantizedinputs_3w0i_pareto_roc_selected_063,Model 2.5,3,104587
059,1523,0.9241596681878904,0.7922189870623843,0.839907964237878,0.7974003827768557,0.7502396134739873,,,,,45740,45740,53200,85.0,49439,49439,106400,46.0,76,76,280,27.0,10,10,220,4.0,78,82,16,16,102.1138,model2.5_quantizedinputs_3w0i_pareto_roc_selected,model2.5_quantizedinputs_3w0i_pareto_roc_selected_059,Model 2.5,3,95179
146,2553,0.932303847804076,0.7891232112136082,0.8262053993910643,0.7904009481739488,0.7661100377636882,,,,,61221,61221,53200,115.0,70594,70594,106400,66.0,144,144,280,51.0,7,7,220,3.0,71,75,15,15,102.1138,model2.5_quantizedinputs_3w0i_pareto_roc_selected,model2.5_quantizedinputs_3w0i_pareto_roc_selected_146,Model 2.5,3,131815
145,511,0.9228431064439558,0.7858744455631446,0.8297882633238698,0.7992114675833961,0.7172379596119018,,,,,29582,29582,53200,55.0,28469,28469,106400,26.0,0,0,280,0.0,4,4,220,1.0,84,88,20,20,98.0488,model2.5_quantizedinputs_3w0i_pareto_roc_selected,model2.5_quantizedinputs_3w0i_pareto_roc_selected_145,Model 2.5,3,58051
148,1829,0.905413810110259,0.7702969997671893,0.8010920932088855,0.7769523584919922,0.7316056975095316,,,,,47685,47685,53200,89.0,54224,54224,106400,50.0,96,96,280,34.0,6,6,220,2.0,77,81,18,18,104.6682,model2.5_quantizedinputs_3w0i_pareto_roc_selected,model2.5_quantizedinputs_3w0i_pareto_roc_selected_148,Model 2.5,3,101909
009,1127,0.9205599348191716,0.7677823432837175,0.8041246776178339,0.7748358987848498,0.7249237318626962,,,,,36626,36626,53200,68.0,39828,39828,106400,37.0,60,60,280,21.0,4,4,220,1.0,71,75,16,16,109.529,model2.5_quantizedinputs_3w0i_pareto_roc_selected,model2.5_quantizedinputs_3w0i_pareto_roc_selected_009,Model 2.5,3,76454
105,697,0.8915633938072067,0.761676961731385,0.7840878512189297,0.7670352330070962,0.7317175675226235,,,,,29606,29606,53200,55.0,33246,33246,106400,31.0,40,40,280,14.0,3,3,220,1.0,79,83,20,20,95.2653,model2.5_quantizedinputs_3w0i_pareto_roc_selected,model2.5_quantizedinputs_3w0i_pareto_roc_selected_105,Model 2.5,3,62852
130,391,0.902420310789336,0.7580085323561336,0.7984616361442942,0.7674373603514533,0.7047810824784349,,,,,27052,27052,53200,50.0,26419,26419,106400,24.0,0,0,280,0.0,3,3,220,1.0,73,77,16,16,95.2653,model2.5_quantizedinputs_3w0i_pareto_roc_selected,model2.5_quantizedinputs_3w0i_pareto_roc_selected_130,Model 2.5,3,53471
053,363,0.8364742264116292,0.6355129844803034,0.657626360203301,0.6370120426557336,0.6192095930047983,,,,,25680,25680,53200,48.0,24855,24855,106400,23.0,0,0,280,0.0,3,3,220,1.0,79,83,20,20,95.2653,model2.5_quantizedinputs_3w0i_pareto_roc_selected,model2.5_quantizedinputs_3w0i_pareto_roc_selected_053,Model 2.5,3,50535
019,683,0.5138307215119464,0.0696690159369416,0.1123053990887129,0.0685430593727418,0.0522916723357551,,,,,29792,29792,53200,56.0,30181,30181,106400,28.0,40,40,280,14.0,3,3,220,1.0,77,81,18,18,95.2653,model2.5_quantizedinputs_3w0i_pareto_roc_selected,model2.5_quantizedinputs_3w0i_pareto_roc_selected_019,Model 2.5,3,59973
123,405,0.4675750107409784,0.021359916067255,0.043054837471012,0.0243634747430768,0.0,,,,,26503,26503,53200,49.0,26333,26333,106400,24.0,0,0,280,0.0,3,3,220,1.0,78,82,16,16,95.2653,model2.5_quantizedinputs_3w0i_pareto_roc_selected,model2.5_quantizedinputs_3w0i_pareto_roc_selected_123,Model 2.5,3,52836
133,16805,0.9514512975307596,0.8497467807136098,0.8727191367263206,0.8524646173289674,0.8287481745535026,,,,,265007,265007,53200,498.0,278422,278422,106400,261.0,2332,2332,280,832.0,2,2,220,0.0,88,92,19,19,102.1138,model2.5_quantizedinputs_4w0i_pareto_roc_selected,model2.5_quantizedinputs_4w0i_pareto_roc_selected_133,Model 2.5,4,543429
039,10481,0.9555988011676366,0.849222503409012,0.8795855367190641,0.854233372941365,0.8165029433907498,,,,,158706,158706,53200,298.0,168413,168413,106400,158.0,620,620,280,221.0,1,1,220,0.0,90,94,16,16,99.691,model2.5_quantizedinputs_4w0i_pareto_roc_selected,model2.5_quantizedinputs_4w0i_pareto_roc_selected_039,Model 2.5,4,327119
146,2553,0.9521679185074552,0.8479674428026764,0.8778198046205339,0.8513459171980492,0.8212166015099428,,,,,61529,61529,53200,115.0,70978,70978,106400,66.0,144,144,280,51.0,2,2,220,0.0,70,74,15,15,102.1138,model2.5_quantizedinputs_4w0i_pareto_roc_selected,model2.5_quantizedinputs_4w0i_pareto_roc_selected_146,Model 2.5,4,132507
016,8607,0.9559019122608982,0.8472801981006285,0.8796913597044212,0.850069994346029,0.8213103304398306,,,,,412813,412813,53200,775.0,430512,430512,106400,404.0,2380,2380,280,850.0,1,1,220,0.0,91,95,20,20,98.0488,model2.5_quantizedinputs_4w0i_pareto_roc_selected,model2.5_quantizedinputs_4w0i_pareto_roc_selected_016,Model 2.5,4,843325
006,1589,0.9464649575019172,0.8447123277730914,0.8720962928696472,0.8474607018785092,0.821401035855851,,,,,48147,48147,53200,90.0,55051,55051,106400,51.0,96,96,280,34.0,2,2,220,0.0,70,74,16,16,102.1138,model2.5_quantizedinputs_4w0i_pareto_roc_selected,model2.5_quantizedinputs_4w0i_pareto_roc_selected_006,Model 2.5,4,103198
051,1897,0.9538385237736712,0.8440535041013966,0.8745967388379426,0.8474607018785092,0.8168566945132294,,,,,50645,50645,53200,95.0,59712,59712,106400,56.0,112,112,280,40.0,1,1,220,0.0,79,83,16,16,99.691,model2.5_quantizedinputs_4w0i_pareto_roc_selected,model2.5_quantizedinputs_4w0i_pareto_roc_selected_051,Model 2.5,4,110357
126,1753,0.949332980732238,0.8349330745205463,0.8688339214067805,0.8389978865638067,0.8037558089260176,,,,,46832,46832,53200,88.0,52584,52584,106400,49.0,92,92,280,32.0,1,1,220,0.0,80,84,20,20,99.691,model2.5_quantizedinputs_4w0i_pareto_roc_selected,model2.5_quantizedinputs_4w0i_pareto_roc_selected_126,Model 2.5,4,99416
040,1565,0.9502642536598572,0.8329012732016895,0.8679057026495052,0.838039432667858,0.7974155003461924,,,,,46445,46445,53200,87.0,50881,50881,106400,47.0,76,76,280,27.0,2,2,220,0.0,75,79,18,18,102.1138,model2.5_quantizedinputs_4w0i_pareto_roc_selected,model2.5_quantizedinputs_4w0i_pareto_roc_selected_040,Model 2.5,4,97326
025,819,0.9429903824376754,0.827904614184513,0.861888910053486,0.8350582479946544,0.7858747479145313,,,,,35387,35387,53200,66.0,34886,34886,106400,32.0,40,40,280,14.0,1,1,220,0.0,69,73,16,16,102.1138,model2.5_quantizedinputs_4w0i_pareto_roc_selected,model2.5_quantizedinputs_4w0i_pareto_roc_selected_025,Model 2.5,4,70273
053,363,0.9311999462268196,0.8263940666563867,0.8517782796810798,0.8285214110134516,0.8062562548943131,,,,,25763,25763,53200,48.0,25022,25022,106400,23.0,20,20,280,7.0,1,1,220,0.0,77,81,20,20,104.6682,model2.5_quantizedinputs_4w0i_pareto_roc_selected,model2.5_quantizedinputs_4w0i_pareto_roc_selected_053,Model 2.5,4,50785
115,1567,0.939093443276074,0.8240995219824576,0.8643893560217815,0.8288781856497984,0.7872292821271025,,,,,47529,47529,53200,89.0,50095,50095,106400,47.0,92,92,280,32.0,1,1,220,0.0,80,84,20,20,98.0488,model2.5_quantizedinputs_4w0i_pareto_roc_selected,model2.5_quantizedinputs_4w0i_pareto_roc_selected_115,Model 2.5,4,97624
087,725,0.9370807240850132,0.820738886318902,0.8543331488989874,0.8257609428525644,0.7863645571610414,,,,,33567,33567,53200,63.0,33986,33986,106400,31.0,40,40,280,14.0,1,1,220,0.0,73,77,16,16,99.691,model2.5_quantizedinputs_4w0i_pareto_roc_selected,model2.5_quantizedinputs_4w0i_pareto_roc_selected_087,Model 2.5,4,67553
145,511,0.9369252867802924,0.8146625304996961,0.8524585703012326,0.8209928614837592,0.7736083521547071,,,,,29764,29764,53200,55.0,28713,28713,106400,26.0,20,20,280,7.0,1,1,220,0.0,83,87,20,20,98.0488,model2.5_quantizedinputs_4w0i_pareto_roc_selected,model2.5_quantizedinputs_4w0i_pareto_roc_selected_145,Model 2.5,4,58477
130,391,0.9327860652828948,0.8069196138368089,0.8484856730795396,0.8089864879165268,0.7789025249364306,,,,,27114,27114,53200,50.0,26589,26589,106400,24.0,20,20,280,7.0,1,1,220,0.0,71,75,16,16,102.1138,model2.5_quantizedinputs_4w0i_pareto_roc_selected,model2.5_quantizedinputs_4w0i_pareto_roc_selected_130,Model 2.5,4,53703
099,10703,0.9721636600488694,0.8967769342174088,0.9220840476384844,0.8999791377543154,0.8729156651276981,,,,,148131,148131,53200,278.0,182565,182565,106400,171.0,1332,1332,280,475.0,641,641,220,291.0,101,105,23,23,98.0488,model2.5_quantizedinputs_6w0i_pareto_roc_selected,model2.5_quantizedinputs_6w0i_pareto_roc_selected_099,Model 2.5,6,330696
070,13321,0.9715875898441269,0.8951799141926764,0.9201610928188522,0.8978324429084994,0.8734054743742082,,,,,396971,396971,53200,746.0,421684,421684,106400,396.0,3738,3738,280,1335.0,601,601,220,273.0,73,77,15,15,104.6682,model2.5_quantizedinputs_6w0i_pareto_roc_selected,model2.5_quantizedinputs_6w0i_pareto_roc_selected_070,Model 2.5,6,818655
056,10363,0.9707667739663268,0.8947266894639613,0.9194626611154952,0.898056182934683,0.8707054764906679,,,,,508302,508302,53200,955.0,544741,544741,106400,511.0,4988,4988,280,1781.0,641,641,220,291.0,72,76,20,20,102.1138,model2.5_quantizedinputs_6w0i_pareto_roc_selected,model2.5_quantizedinputs_6w0i_pareto_roc_selected_056,Model 2.5,6,1053043
101,6721,0.9688021647287084,0.8910915187412506,0.9178783398490056,0.8952896677460611,0.8630045866705367,,,,,123758,123758,53200,232.0,149940,149940,106400,140.0,714,714,280,255.0,481,481,220,218.0,79,83,16,16,99.691,model2.5_quantizedinputs_6w0i_pareto_roc_selected,model2.5_quantizedinputs_6w0i_pareto_roc_selected_101,Model 2.5,6,273698
017,6865,0.969746819786608,0.8881318010165054,0.914519215942384,0.8909599958880211,0.8650394115032609,,,,,113656,113656,53200,213.0,129025,129025,106400,121.0,584,584,280,208.0,361,361,220,164.0,92,96,20,20,99.691,model2.5_quantizedinputs_6w0i_pareto_roc_selected,model2.5_quantizedinputs_6w0i_pareto_roc_selected_017,Model 2.5,6,242681
085,5951,0.966791578363626,0.8809560955551322,0.9106279535951092,0.8843143124075938,0.8543664075515283,,,,,274295,274295,53200,515.0,295140,295140,106400,277.0,1724,1724,280,615.0,401,401,220,182.0,70,74,16,16,122.1449,model2.5_quantizedinputs_6w0i_pareto_roc_selected,model2.5_quantizedinputs_6w0i_pareto_roc_selected_085,Model 2.5,6,569435
079,4189,0.9640633752097136,0.8807054462555292,0.9078886500312934,0.884123831033951,0.8551494976431709,,,,,85443,85443,53200,160.0,95450,95450,106400,89.0,270,270,280,96.0,242,242,220,110.0,78,82,18,18,102.1138,model2.5_quantizedinputs_6w0i_pareto_roc_selected,model2.5_quantizedinputs_6w0i_pareto_roc_selected_079,Model 2.5,6,180893
065,2265,0.9657654787967384,0.8806882122264854,0.9070118310097628,0.8835947161071654,0.8573536392524664,,,,,61939,61939,53200,116.0,68677,68677,106400,64.0,120,120,280,42.0,162,162,220,73.0,78,82,20,20,102.1138,model2.5_quantizedinputs_6w0i_pareto_roc_selected,model2.5_quantizedinputs_6w0i_pareto_roc_selected_065,Model 2.5,6,130616
075,5517,0.9650315453667307,0.8767927169597962,0.9052460989112326,0.8800390637991661,0.8512038120462839,,,,,92029,92029,53200,172.0,113041,113041,106400,106.0,536,536,280,191.0,441,441,220,200.0,77,81,23,23,104.6682,model2.5_quantizedinputs_6w0i_pareto_roc_selected,model2.5_quantizedinputs_6w0i_pareto_roc_selected_075,Model 2.5,6,205070
051,1897,0.963977510271728,0.8759775776211597,0.9050798056485286,0.8791108450418907,0.8504600276349168,,,,,50655,50655,53200,95.0,60183,60183,106400,56.0,112,112,280,40.0,201,201,220,91.0,79,83,16,16,99.691,model2.5_quantizedinputs_6w0i_pareto_roc_selected,model2.5_quantizedinputs_6w0i_pareto_roc_selected_051,Model 2.5,6,110838
129,4009,0.9657763587515164,0.8755406798673282,0.9020925739475903,0.878624059309248,0.8514729047804778,,,,,77511,77511,53200,145.0,94059,94059,106400,88.0,365,365,280,130.0,321,321,220,145.0,91,95,20,20,99.691,model2.5_quantizedinputs_6w0i_pareto_roc_selected,model2.5_quantizedinputs_6w0i_pareto_roc_selected_129,Model 2.5,6,171570
006,1589,0.9588879881345044,0.8711859128441892,0.8929464444988677,0.8735385089843715,0.8520715605262124,,,,,48148,48148,53200,90.0,55447,55447,106400,52.0,96,96,280,34.0,162,162,220,73.0,70,74,16,16,102.1138,model2.5_quantizedinputs_6w0i_pareto_roc_selected,model2.5_quantizedinputs_6w0i_pareto_roc_selected_006,Model 2.5,6,103595
148,1829,0.9606073682344984,0.8686398118164969,0.8960213581019589,0.8713555319721473,0.8454440181289892,,,,,48024,48024,53200,90.0,54913,54913,106400,51.0,96,96,280,34.0,161,161,220,73.0,75,79,18,18,104.6682,model2.5_quantizedinputs_6w0i_pareto_roc_selected,model2.5_quantizedinputs_6w0i_pareto_roc_selected_148,Model 2.5,6,102937
126,1753,0.9631866572215456,0.8680970910773083,0.8953319969402039,0.8709957338219332,0.844334388539673,,,,,46834,46834,53200,88.0,52980,52980,106400,49.0,92,92,280,32.0,161,161,220,73.0,80,84,20,20,99.691,model2.5_quantizedinputs_6w0i_pareto_roc_selected,model2.5_quantizedinputs_6w0i_pareto_roc_selected_126,Model 2.5,6,99814
022,841,0.9542404453626534,0.8646121889938048,0.888934241596899,0.8671921533768114,0.8434212873517344,,,,,35726,35726,53200,67.0,37805,37805,106400,35.0,48,48,280,17.0,81,81,220,36.0,74,78,16,16,99.691,model2.5_quantizedinputs_6w0i_pareto_roc_selected,model2.5_quantizedinputs_6w0i_pareto_roc_selected_022,Model 2.5,6,73531
040,1565,0.9612181575275702,0.8628313393259377,0.891709827327123,0.865293386668118,0.8397749296277147,,,,,46447,46447,53200,87.0,51205,51205,106400,48.0,76,76,280,27.0,122,122,220,55.0,75,79,18,18,102.1138,model2.5_quantizedinputs_6w0i_pareto_roc_selected,model2.5_quantizedinputs_6w0i_pareto_roc_selected_040,Model 2.5,6,97652
093,1251,0.9596571241631168,0.8620279916913839,0.8905185628633886,0.8653266453206587,0.8362374184029195,,,,,40385,40385,53200,75.0,44947,44947,106400,42.0,72,72,280,25.0,121,121,220,55.0,67,71,13,13,122.1449,model2.5_quantizedinputs_6w0i_pareto_roc_selected,model2.5_quantizedinputs_6w0i_pareto_roc_selected_093,Model 2.5,6,85332
105,697,0.9545849388233816,0.8545599124390384,0.8806921427945129,0.8575320265706399,0.831091397800696,,,,,29686,29686,53200,55.0,33515,33515,106400,31.0,40,40,280,14.0,81,81,220,36.0,77,81,20,20,104.6682,model2.5_quantizedinputs_6w0i_pareto_roc_selected,model2.5_quantizedinputs_6w0i_pareto_roc_selected_105,Model 2.5,6,63201
030,739,0.9509940839076356,0.8523291639077102,0.8814933739693597,0.8559325877348136,0.8251350754820237,,,,,33697,33697,53200,63.0,35982,35982,106400,33.0,40,40,280,14.0,81,81,220,36.0,77,81,20,20,98.0488,model2.5_quantizedinputs_6w0i_pareto_roc_selected,model2.5_quantizedinputs_6w0i_pareto_roc_selected_030,Model 2.5,6,69679
145,511,0.948515128636855,0.8427349497038468,0.8699526215376987,0.8462361787622339,0.8168718120825661,,,,,29770,29770,53200,55.0,28837,28837,106400,27.0,20,20,280,7.0,41,41,220,18.0,83,87,20,20,98.0488,model2.5_quantizedinputs_6w0i_pareto_roc_selected,model2.5_quantizedinputs_6w0i_pareto_roc_selected_145,Model 2.5,6,58607
041,489,0.9041041145212207,0.7958360167018905,0.8191273534276065,0.7980171796057942,0.7765562781753699,,,,,27721,27721,53200,52.0,29627,29627,106400,27.0,20,20,280,7.0,41,41,220,18.0,76,80,16,16,99.691,model2.5_quantizedinputs_6w0i_pareto_roc_selected,model2.5_quantizedinputs_6w0i_pareto_roc_selected_041,Model 2.5,6,57348
081,419,0.9004896489305521,0.7951950317620131,0.8144288128777503,0.7968440562252639,0.7798065555827671,,,,,27905,27905,53200,52.0,28761,28761,106400,27.0,20,20,280,7.0,41,41,220,18.0,82,86,20,20,84.8392,model2.5_quantizedinputs_6w0i_pareto_roc_selected,model2.5_quantizedinputs_6w0i_pareto_roc_selected_081,Model 2.5,6,56666
054,697,0.90634781166999,0.7855158568184772,0.8117348620219447,0.7915105777632649,0.7514248309099869,,,,,30859,30859,53200,58.0,31142,31142,106400,29.0,40,40,280,14.0,81,81,220,36.0,77,81,20,20,104.6682,model2.5_quantizedinputs_6w0i_pareto_roc_selected,model2.5_quantizedinputs_6w0i_pareto_roc_selected_054,Model 2.5,6,62001
019,683,0.9231136219641098,0.7763413063394013,0.8081368805198025,0.783855040651144,0.7341454491581025,,,,,29877,29877,53200,56.0,30453,30453,106400,28.0,40,40,280,14.0,81,81,220,36.0,75,79,18,18,104.6682,model2.5_quantizedinputs_6w0i_pareto_roc_selected,model2.5_quantizedinputs_6w0i_pareto_roc_selected_019,Model 2.5,6,60330
123,405,0.8997307292105031,0.7736824282444571,0.8107854786675979,0.7758911051245536,0.7474005339525489,,,,,26573,26573,53200,49.0,26599,26599,106400,24.0,20,20,280,7.0,41,41,220,18.0,76,80,16,16,99.691,model2.5_quantizedinputs_6w0i_pareto_roc_selected,model2.5_quantizedinputs_6w0i_pareto_roc_selected_123,Model 2.5,6,53172
130,391,0.632178662904751,0.1315455295835713,0.1989502359852573,0.1317949694776274,0.0969701367535321,,,,,27108,27108,53200,50.0,26680,26680,106400,25.0,20,20,280,7.0,41,41,220,18.0,71,75,16,16,102.1138,model2.5_quantizedinputs_6w0i_pareto_roc_selected,model2.5_quantizedinputs_6w0i_pareto_roc_selected_130,Model 2.5,6,53788
053,363,0.4366292410975985,0.0054562331250132,0.0180564248157923,0.0046259762170399,0.0020620364575302,,,,,25756,25756,53200,48.0,25108,25108,106400,23.0,20,20,280,7.0,41,41,220,18.0,77,81,20,20,104.6682,model2.5_quantizedinputs_6w0i_pareto_roc_selected,model2.5_quantizedinputs_6w0i_pareto_roc_selected_053,Model 2.5,6,50864
070,13321,0.97407871931053,0.9028505688741342,0.925721334820902,0.9049830532047736,0.8839514907435123,,,,,396971,396971,53200,746.0,426802,426802,106400,401.0,4968,4968,280,1774.0,601,601,220,273.0,73,77,15,15,104.6682,model2.5_quantizedinputs_8w0i_pareto_roc_selected,model2.5_quantizedinputs_8w0i_pareto_roc_selected_070,Model 2.5,8,823773
056,10363,0.9722682361470574,0.9001272899338153,0.9225708333711272,0.9025914537357026,0.8802809449085538,,,,,508302,508302,53200,955.0,551449,551449,106400,518.0,6648,6648,280,2374.0,641,641,220,291.0,72,76,20,20,102.1138,model2.5_quantizedinputs_8w0i_pareto_roc_selected,model2.5_quantizedinputs_8w0i_pareto_roc_selected_056,Model 2.5,8,1059751
017,6865,0.9719707198219384,0.897514973952428,0.9206962547733726,0.9001545015586214,0.876685986920279,,,,,113649,113649,53200,213.0,130245,130245,106400,122.0,584,584,280,208.0,361,361,220,164.0,92,96,20,20,99.691,model2.5_quantizedinputs_8w0i_pareto_roc_selected,model2.5_quantizedinputs_8w0i_pareto_roc_selected_017,Model 2.5,8,243894
020,12407,0.9728018490421976,0.8973238878760117,0.9228852788133312,0.8990358014277032,0.8785514949764317,,,,,165382,165382,53200,310.0,203185,203185,106400,190.0,1924,1924,280,687.0,641,641,220,291.0,93,97,23,23,84.8392,model2.5_quantizedinputs_8w0i_pareto_roc_selected,model2.5_quantizedinputs_8w0i_pareto_roc_selected_020,Model 2.5,8,368567
101,6721,0.9707635444182652,0.8941241031501991,0.919374979213342,0.8971309876912751,0.8709745692248617,,,,,123759,123759,53200,232.0,151392,151392,106400,142.0,714,714,280,255.0,481,481,220,218.0,79,83,16,16,99.691,model2.5_quantizedinputs_8w0i_pareto_roc_selected,model2.5_quantizedinputs_8w0i_pareto_roc_selected_101,Model 2.5,8,275151
058,10389,0.971514502212064,0.8936748089895113,0.9198768825153216,0.8964839557236629,0.870741758657076,,,,,301845,301845,53200,567.0,329304,329304,106400,309.0,3164,3164,280,1130.0,561,561,220,255.0,70,74,13,13,104.6682,model2.5_quantizedinputs_8w0i_pareto_roc_selected,model2.5_quantizedinputs_8w0i_pareto_roc_selected_058,Model 2.5,8,631149
032,8179,0.9712948759632656,0.8915529069574077,0.9181474325831996,0.894494483598949,0.8679601258991174,,,,,346775,346775,53200,651.0,387710,387710,106400,364.0,2900,2900,280,1035.0,641,641,220,291.0,68,72,12,12,102.1138,model2.5_quantizedinputs_8w0i_pareto_roc_selected,model2.5_quantizedinputs_8w0i_pareto_roc_selected_032,Model 2.5,8,734485
042,6361,0.970555406033904,0.890849637631863,0.9162728539854448,0.8937990754094594,0.8678149972334848,,,,,105504,105504,53200,198.0,120627,120627,106400,113.0,552,552,280,197.0,361,361,220,164.0,77,81,19,19,104.6682,model2.5_quantizedinputs_8w0i_pareto_roc_selected,model2.5_quantizedinputs_8w0i_pareto_roc_selected_042,Model 2.5,8,226131
129,4009,0.9689237193270998,0.8904181822029926,0.9153264941449654,0.8936720878270308,0.8665753565478728,,,,,77512,77512,53200,145.0,94883,94883,106400,89.0,365,365,280,130.0,321,321,220,145.0,91,95,20,20,99.691,model2.5_quantizedinputs_8w0i_pareto_roc_selected,model2.5_quantizedinputs_8w0i_pareto_roc_selected_129,Model 2.5,8,172395
013,7517,0.9695488128170068,0.8886820805403624,0.9165963699692508,0.8919063557285005,0.8634399726674347,,,,,119890,119890,53200,225.0,149598,149598,106400,140.0,720,720,280,257.0,521,521,220,236.0,80,84,18,18,104.6682,model2.5_quantizedinputs_8w0i_pareto_roc_selected,model2.5_quantizedinputs_8w0i_pareto_roc_selected_013,Model 2.5,8,269488
065,2265,0.9690330219573996,0.8875252841347157,0.914528286483986,0.8909811604850926,0.8619282157337614,,,,,61929,61929,53200,116.0,69179,69179,106400,65.0,124,124,280,44.0,162,162,220,73.0,78,82,20,20,102.1138,model2.5_quantizedinputs_8w0i_pareto_roc_selected,model2.5_quantizedinputs_8w0i_pareto_roc_selected_065,Model 2.5,8,131108
085,5951,0.9683604097310816,0.8871815106079983,0.9121608751258538,0.8897596608826847,0.8656683023876689,,,,,274295,274295,53200,515.0,298641,298641,106400,280.0,1724,1724,280,615.0,401,401,220,182.0,70,74,16,16,122.1449,model2.5_quantizedinputs_8w0i_pareto_roc_selected,model2.5_quantizedinputs_8w0i_pareto_roc_selected_085,Model 2.5,8,572936
067,5241,0.9686088323073052,0.8857529003056771,0.913367257158925,0.8891126289150725,0.8601866717461699,,,,,91722,91722,53200,172.0,109969,109969,106400,103.0,488,488,280,174.0,361,361,220,164.0,87,91,19,19,104.6682,model2.5_quantizedinputs_8w0i_pareto_roc_selected,model2.5_quantizedinputs_8w0i_pareto_roc_selected_067,Model 2.5,8,201691
148,1829,0.9679248469303706,0.883718075472953,0.912493461651262,0.8870596629991443,0.8576348260421296,,,,,48026,48026,53200,90.0,55317,55317,106400,51.0,96,96,280,34.0,161,161,220,73.0,75,79,18,18,104.6682,model2.5_quantizedinputs_8w0i_pareto_roc_selected,model2.5_quantizedinputs_8w0i_pareto_roc_selected_148,Model 2.5,8,103343
079,4189,0.9687529006391368,0.8826634738360226,0.9116952539902824,0.8856325644537568,0.8577557665968235,,,,,85443,85443,53200,160.0,96246,96246,106400,90.0,270,270,280,96.0,242,242,220,110.0,78,82,18,18,102.1138,model2.5_quantizedinputs_8w0i_pareto_roc_selected,model2.5_quantizedinputs_8w0i_pareto_roc_selected_079,Model 2.5,8,181689
003,3039,0.9646837521730298,0.8789270153987561,0.909971851085895,0.8821918056727167,0.8519778315963247,,,,,60635,60635,53200,113.0,75432,75432,106400,70.0,156,156,280,55.0,281,281,220,127.0,86,90,29,29,122.1449,model2.5_quantizedinputs_8w0i_pareto_roc_selected,model2.5_quantizedinputs_8w0i_pareto_roc_selected_003,Model 2.5,8,136067
000,2137,0.965950566143426,0.8772758744757982,0.9049558415799674,0.8799785935218192,0.8539763742626405,,,,,53014,53014,53200,99.0,63277,63277,106400,59.0,118,118,280,42.0,201,201,220,91.0,77,81,16,16,99.691,model2.5_quantizedinputs_8w0i_pareto_roc_selected,model2.5_quantizedinputs_8w0i_pareto_roc_selected_000,Model 2.5,8,116291
126,1753,0.9656905836301056,0.8770215969595545,0.9030994040654168,0.8799090527028702,0.8538765983050182,,,,,46836,46836,53200,88.0,53376,53376,106400,50.0,92,92,280,32.0,161,161,220,73.0,80,84,20,20,99.691,model2.5_quantizedinputs_8w0i_pareto_roc_selected,model2.5_quantizedinputs_8w0i_pareto_roc_selected_126,Model 2.5,8,100212
051,1897,0.9670595995380892,0.8769553820058595,0.907571181075222,0.8805500376427476,0.8490661877420701,,,,,50656,50656,53200,95.0,60643,60643,106400,56.0,112,112,280,40.0,201,201,220,91.0,79,83,16,16,99.691,model2.5_quantizedinputs_8w0i_pareto_roc_selected,model2.5_quantizedinputs_8w0i_pareto_roc_selected_051,Model 2.5,8,111299
093,1251,0.9648935038550476,0.8748706691943243,0.9063708460698856,0.8775144297199319,0.8498674189169169,,,,,40386,40386,53200,75.0,45255,45255,106400,42.0,72,72,280,25.0,121,121,220,55.0,67,71,13,13,122.1449,model2.5_quantizedinputs_8w0i_pareto_roc_selected,model2.5_quantizedinputs_8w0i_pareto_roc_selected_093,Model 2.5,8,85641
006,1589,0.9594395701312488,0.8734157543213572,0.8966804841250404,0.8758121914126159,0.8533958596001101,,,,,48149,48149,53200,90.0,55843,55843,106400,52.0,96,96,280,34.0,162,162,220,73.0,70,74,16,16,102.1138,model2.5_quantizedinputs_8w0i_pareto_roc_selected,model2.5_quantizedinputs_8w0i_pareto_roc_selected_006,Model 2.5,8,103992
040,1565,0.9653707018991629,0.8726344783380349,0.9035438606039168,0.876302000659126,0.8443434590812751,,,,,46449,46449,53200,87.0,51529,51529,106400,48.0,76,76,280,27.0,122,122,220,55.0,75,79,18,18,102.1138,model2.5_quantizedinputs_8w0i_pareto_roc_selected,model2.5_quantizedinputs_8w0i_pareto_roc_selected_040,Model 2.5,8,97978
069,1523,0.962952637265582,0.8674294992153981,0.8998249385470807,0.870959451655525,0.8388769460091129,,,,,43119,43119,53200,81.0,51807,51807,106400,48.0,88,88,280,31.0,161,161,220,73.0,77,81,19,19,102.1138,model2.5_quantizedinputs_8w0i_pareto_roc_selected,model2.5_quantizedinputs_8w0i_pareto_roc_selected_069,Model 2.5,8,94926
073,955,0.9628513744025636,0.8647564106052773,0.8946184476675102,0.8679389613020461,0.83868646463547,,,,,37537,37537,53200,70.0,40031,40031,106400,37.0,52,52,280,18.0,81,81,220,36.0,67,71,12,12,102.1138,model2.5_quantizedinputs_8w0i_pareto_roc_selected,model2.5_quantizedinputs_8w0i_pareto_roc_selected_073,Model 2.5,8,77568
130,391,0.9529697408536256,0.8557275934946076,0.8842508186163796,0.8606674104510781,0.8241766215860749,,,,,27118,27118,53200,50.0,26793,26793,106400,25.0,20,20,280,7.0,41,41,220,18.0,71,75,16,16,102.1138,model2.5_quantizedinputs_8w0i_pareto_roc_selected,model2.5_quantizedinputs_8w0i_pareto_roc_selected_130,Model 2.5,8,53911
105,697,0.9572140192764166,0.855263181764583,0.8860830680199915,0.8586960794095682,0.8278380968794313,,,,,29688,29688,53200,55.0,33697,33697,106400,31.0,40,40,280,14.0,81,81,220,36.0,77,81,20,20,104.6682,model2.5_quantizedinputs_8w0i_pareto_roc_selected,model2.5_quantizedinputs_8w0i_pareto_roc_selected_105,Model 2.5,8,63385
053,363,0.9506126795599058,0.8552544135743679,0.8835584339407573,0.8600203784834659,0.82442152620933,,,,,25766,25766,53200,48.0,25213,25213,106400,23.0,20,20,280,7.0,41,41,220,18.0,77,81,20,20,104.6682,model2.5_quantizedinputs_8w0i_pareto_roc_selected,model2.5_quantizedinputs_8w0i_pareto_roc_selected_053,Model 2.5,8,50979
041,489,0.954730297730261,0.8549937866790026,0.8826755678914922,0.8578132133603031,0.8312849026882062,,,,,27710,27710,53200,52.0,29700,29700,106400,27.0,24,24,280,8.0,41,41,220,18.0,77,81,16,16,99.691,model2.5_quantizedinputs_8w0i_pareto_roc_selected,model2.5_quantizedinputs_8w0i_pareto_roc_selected_041,Model 2.5,8,57410
123,405,0.9449028418363108,0.8334288763715414,0.8705391832279639,0.8375133412549397,0.8005780958514366,,,,,26575,26575,53200,49.0,26701,26701,106400,25.0,20,20,280,7.0,41,41,220,18.0,76,80,16,16,99.691,model2.5_quantizedinputs_8w0i_pareto_roc_selected,model2.5_quantizedinputs_8w0i_pareto_roc_selected_123,Model 2.5,8,53276
099,10703,0.9743669682746215,0.9045053380137328,0.9273751969063406,0.9067487853033038,0.8852183430539304,,,,,150928,150928,53200,283.0,189331,189331,106400,177.0,2212,2212,280,790.0,641,641,220,291.0,109,113,23,23,98.0488,model2.5_quantizedinputs_10w0i_pareto_roc_selected,model2.5_quantizedinputs_10w0i_pareto_roc_selected_099,Model 2.5,10,340259
056,10363,0.9728943905192636,0.9014452396285916,0.924297259789382,0.9041334458080492,0.8806105079200945,,,,,510149,510149,53200,958.0,560305,560305,106400,526.0,8308,8308,280,2967.0,641,641,220,291.0,80,84,20,20,102.1138,model2.5_quantizedinputs_10w0i_pareto_roc_selected,model2.5_quantizedinputs_10w0i_pareto_roc_selected_056,Model 2.5,10,1070454
032,8179,0.9714616906054724,0.8980737193151137,0.9218058843626886,0.9010101559830804,0.8759301084534424,,,,,349374,349374,53200,656.0,395398,395398,106400,371.0,4024,4024,280,1437.0,641,641,220,291.0,76,80,12,12,102.1138,model2.5_quantizedinputs_10w0i_pareto_roc_selected,model2.5_quantizedinputs_10w0i_pareto_roc_selected_032,Model 2.5,10,744772
070,13321,0.9722124712435052,0.8976809648637455,0.9225164101215152,0.9000668196564684,0.87691275046033,,,,,406293,406293,53200,763.0,444263,444263,106400,417.0,6246,6246,280,2230.0,601,601,220,273.0,81,85,15,15,104.6682,model2.5_quantizedinputs_10w0i_pareto_roc_selected,model2.5_quantizedinputs_10w0i_pareto_roc_selected_070,Model 2.5,10,850556
101,6721,0.9701105166435054,0.897357751231326,0.9204967028581276,0.9003782415848051,0.8752165591807487,,,,,125937,125937,53200,236.0,155498,155498,106400,146.0,1066,1066,280,380.0,481,481,220,218.0,87,91,16,16,99.691,model2.5_quantizedinputs_10w0i_pareto_roc_selected,model2.5_quantizedinputs_10w0i_pareto_roc_selected_101,Model 2.5,10,281435
020,12407,0.9716000505706204,0.8965211449442313,0.9221777765683722,0.8993532703837747,0.8737803900937592,,,,,169850,169850,53200,319.0,210332,210332,106400,197.0,2400,2400,280,857.0,641,641,220,291.0,101,105,23,23,84.8392,model2.5_quantizedinputs_10w0i_pareto_roc_selected,model2.5_quantizedinputs_10w0i_pareto_roc_selected_020,Model 2.5,10,380182
085,5951,0.971158469803436,0.8919520107878974,0.9185223483027504,0.8950266220396019,0.8679057026495052,,,,,276688,276688,53200,520.0,305096,305096,106400,286.0,2580,2580,280,921.0,401,401,220,182.0,78,82,16,16,122.1449,model2.5_quantizedinputs_10w0i_pareto_roc_selected,model2.5_quantizedinputs_10w0i_pareto_roc_selected_085,Model 2.5,10,581784
039,10481,0.9723579498921052,0.8911247773937915,0.9182623261101588,0.8942102732954185,0.8667567673799136,,,,,171024,171024,53200,321.0,190256,190256,106400,178.0,1628,1628,280,581.0,441,441,220,200.0,98,102,16,16,99.691,model2.5_quantizedinputs_10w0i_pareto_roc_selected,model2.5_quantizedinputs_10w0i_pareto_roc_selected_039,Model 2.5,10,361280
079,4189,0.9697575486712786,0.8905871966281773,0.9177301876695058,0.8933999715789697,0.8671709887797401,,,,,86538,86538,53200,162.0,98695,98695,106400,92.0,462,462,280,165.0,242,242,220,110.0,86,90,18,18,102.1138,model2.5_quantizedinputs_10w0i_pareto_roc_selected,model2.5_quantizedinputs_10w0i_pareto_roc_selected_079,Model 2.5,10,185233
007,8351,0.971649954890106,0.8895737147798428,0.91626680695771,0.8922752244203168,0.8667718849492503,,,,,148082,148082,53200,278.0,167920,167920,106400,157.0,1512,1512,280,540.0,441,441,220,200.0,93,97,20,20,98.0488,model2.5_quantizedinputs_10w0i_pareto_roc_selected,model2.5_quantizedinputs_10w0i_pareto_roc_selected_007,Model 2.5,10,316002
065,2265,0.968613126915394,0.8884051266701134,0.9131374701050068,0.8906304328764804,0.8682503832303827,,,,,62666,62666,53200,117.0,70823,70823,106400,66.0,204,204,280,72.0,162,162,220,73.0,86,90,20,20,102.1138,model2.5_quantizedinputs_10w0i_pareto_roc_selected,model2.5_quantizedinputs_10w0i_pareto_roc_selected_065,Model 2.5,10,133489
129,4009,0.9678538456710624,0.8876416894186085,0.9152992825201592,0.8907392793757049,0.8629713280179959,,,,,78451,78451,53200,147.0,97098,97098,106400,91.0,565,565,280,201.0,321,321,220,145.0,99,103,20,20,99.691,model2.5_quantizedinputs_10w0i_pareto_roc_selected,model2.5_quantizedinputs_10w0i_pareto_roc_selected_129,Model 2.5,10,175549
003,3039,0.9701230017096052,0.8837268436631684,0.9145434040533228,0.8860709739645221,0.8601141074133536,,,,,60961,60961,53200,114.0,76710,76710,106400,72.0,296,296,280,105.0,281,281,220,127.0,94,98,29,29,122.1449,model2.5_quantizedinputs_10w0i_pareto_roc_selected,model2.5_quantizedinputs_10w0i_pareto_roc_selected_003,Model 2.5,10,137671
028,1785,0.9671452126925624,0.8787434881070082,0.9054305332571408,0.8815054680248291,0.8557330358195687,,,,,54422,54422,53200,102.0,60360,60360,106400,56.0,184,184,280,65.0,162,162,220,73.0,74,78,12,12,102.1138,model2.5_quantizedinputs_10w0i_pareto_roc_selected,model2.5_quantizedinputs_10w0i_pareto_roc_selected_028,Model 2.5,10,114782
126,1753,0.9644253331263076,0.877577016456986,0.9012913427727436,0.8802023335480028,0.8565312434805482,,,,,47424,47424,53200,89.0,54667,54667,106400,51.0,172,172,280,61.0,161,161,220,73.0,88,92,20,20,99.691,model2.5_quantizedinputs_10w0i_pareto_roc_selected,model2.5_quantizedinputs_10w0i_pareto_roc_selected_126,Model 2.5,10,102091
148,1829,0.9666733560789988,0.877347834105841,0.9061380355020998,0.8804351441157885,0.852147148372896,,,,,48420,48420,53200,91.0,56369,56369,106400,52.0,176,176,280,62.0,161,161,220,73.0,83,87,18,18,104.6682,model2.5_quantizedinputs_10w0i_pareto_roc_selected,model2.5_quantizedinputs_10w0i_pareto_roc_selected_148,Model 2.5,10,104789
059,1523,0.9661109895113072,0.8758563347150792,0.9050344529405184,0.8785303303793603,0.8519082907773756,,,,,47108,47108,53200,88.0,51843,51843,106400,48.0,80,80,280,28.0,121,121,220,55.0,85,89,16,16,102.1138,model2.5_quantizedinputs_10w0i_pareto_roc_selected,model2.5_quantizedinputs_10w0i_pareto_roc_selected_059,Model 2.5,10,98951
006,1589,0.9576850166218944,0.8716530457366941,0.8959850759355508,0.8744818453109835,0.8495862321272536,,,,,48359,48359,53200,90.0,56635,56635,106400,53.0,176,176,280,62.0,162,162,220,73.0,78,82,16,16,102.1138,model2.5_quantizedinputs_10w0i_pareto_roc_selected,model2.5_quantizedinputs_10w0i_pareto_roc_selected_006,Model 2.5,10,104994
022,841,0.961896039811116,0.8691411104157029,0.8952685031489896,0.872277703701688,0.8450993375481117,,,,,35994,35994,53200,67.0,38613,38613,106400,36.0,48,48,280,17.0,81,81,220,36.0,82,86,16,16,99.691,model2.5_quantizedinputs_10w0i_pareto_roc_selected,model2.5_quantizedinputs_10w0i_pareto_roc_selected_022,Model 2.5,10,74607
093,1251,0.962446298108094,0.8675507421214786,0.894878469860102,0.8700009977595762,0.8453109835188259,,,,,40796,40796,53200,76.0,46208,46208,106400,43.0,72,72,280,25.0,121,121,220,55.0,75,79,13,13,122.1449,model2.5_quantizedinputs_10w0i_pareto_roc_selected,model2.5_quantizedinputs_10w0i_pareto_roc_selected_093,Model 2.5,10,87004
081,419,0.9525434994090158,0.852544740446452,0.88139057449787,0.8562984329127625,0.8249838997886564,,,,,28195,28195,53200,52.0,29363,29363,106400,27.0,20,20,280,7.0,41,41,220,18.0,91,95,20,20,84.8392,model2.5_quantizedinputs_10w0i_pareto_roc_selected,model2.5_quantizedinputs_10w0i_pareto_roc_selected_081,Model 2.5,10,57558
045,739,0.9503217997609256,0.8439549375493209,0.8692027900985968,0.8466987763839379,0.8217275753535244,,,,,33131,33131,53200,62.0,34569,34569,106400,32.0,44,44,280,15.0,81,81,220,36.0,86,90,20,20,98.0488,model2.5_quantizedinputs_10w0i_pareto_roc_selected,model2.5_quantizedinputs_10w0i_pareto_roc_selected_045,Model 2.5,10,67700
145,511,0.9498940355391396,0.8435395067439476,0.8688943916841274,0.8459973211667136,0.8222597137941773,,,,,30035,30035,53200,56.0,29442,29442,106400,27.0,24,24,280,8.0,41,41,220,18.0,91,95,20,20,98.0488,model2.5_quantizedinputs_10w0i_pareto_roc_selected,model2.5_quantizedinputs_10w0i_pareto_roc_selected_145,Model 2.5,10,59477
130,391,0.9474129111363728,0.8356318085752901,0.8762082717292383,0.8433759346437242,0.7882391357587961,,,,,27396,27396,53200,51.0,27282,27282,106400,25.0,20,20,280,7.0,41,41,220,18.0,80,84,16,16,102.1138,model2.5_quantizedinputs_10w0i_pareto_roc_selected,model2.5_quantizedinputs_10w0i_pareto_roc_selected_130,Model 2.5,10,54678
123,405,0.947192195766761,0.8201722798201614,0.8658315721365056,0.8262477285852071,0.7760785629843291,,,,,26756,26756,53200,50.0,27038,27038,106400,25.0,20,20,280,7.0,41,41,220,18.0,81,85,16,16,99.691,model2.5_quantizedinputs_10w0i_pareto_roc_selected,model2.5_quantizedinputs_10w0i_pareto_roc_selected_123,Model 2.5,10,53794
053,363,0.5187518883578887,0.0230899707021505,0.0771147211866687,0.0210164448919244,0.003334935795683,,,,,26034,26034,53200,48.0,25683,25683,106400,24.0,20,20,280,7.0,41,41,220,18.0,86,90,20,20,104.6682,model2.5_quantizedinputs_10w0i_pareto_roc_selected,model2.5_quantizedinputs_10w0i_pareto_roc_selected_053,Model 2.5,10,51717
087,67625,0.96490245387789,0.8804242594658661,0.905563567867304,0.8825243921981248,0.8605041407022413,,,,,901236,901236,53200,1694.0,842744,842744,106400,792.0,23424,23424,280,8365.0,194,194,220,88.0,21923,22472,21841,22387,104.6682,model3_3w0i_pareto_roc_selected,model3_3w0i_pareto_roc_selected_087,Model 3,3,1743980
031,58069,0.9635341125769424,0.8802954577751171,0.9037706241439676,0.8828358141264615,0.8596666273609864,,,,,912085,912085,53200,1714.0,827213,827213,106400,777.0,18432,18432,280,6582.0,388,388,220,176.0,17015,17564,16927,17473,103.9501,model3_3w0i_pareto_roc_selected,model3_3w0i_pareto_roc_selected_031,Model 3,3,1739298
001,37923,0.9646294664044828,0.8797887168509498,0.9054789094790184,0.8820164418684107,0.8591465829758028,,,,,838888,838888,53200,1576.0,752585,752585,106400,707.0,14924,14924,280,5330.0,143,143,220,65.0,18092,18641,18019,18565,104.6682,model3_3w0i_pareto_roc_selected,model3_3w0i_pareto_roc_selected_001,Model 3,3,1591473
072,33013,0.963094734866356,0.8740579486667815,0.902062338808917,0.8765741169071872,0.8512491647542941,,,,,531268,531268,53200,998.0,480308,480308,106400,451.0,5640,5640,280,2014.0,170,170,220,77.0,13185,13734,13105,13651,104.6682,model3_3w0i_pareto_roc_selected,model3_3w0i_pareto_roc_selected_072,Model 3,3,1011576
004,22513,0.9619964440825296,0.8722731684308871,0.8993562938976419,0.8747902437254529,0.8499218421665291,,,,,796019,796019,53200,1496.0,731021,731021,106400,687.0,7940,7940,280,2835.0,45,45,220,20.0,18092,18641,18019,18565,104.6682,model3_3w0i_pareto_roc_selected,model3_3w0i_pareto_roc_selected_004,Model 3,3,1527040
082,21363,0.9622516278585256,0.8707199893572312,0.8992807060509583,0.8732663927363102,0.8475272191835908,,,,,491354,491354,53200,923.0,445258,445258,106400,418.0,4810,4810,280,1717.0,59,59,220,26.0,13198,13747,13105,13651,103.9501,model3_3w0i_pareto_roc_selected,model3_3w0i_pareto_roc_selected_082,Model 3,3,936612
009,20755,0.9597279596434248,0.8707169658433638,0.8976419615348565,0.8732240635421674,0.8484796260518048,,,,,464641,464641,53200,873.0,422786,422786,106400,397.0,3514,3514,280,1255.0,59,59,220,26.0,12114,12663,12013,12559,104.6682,model3_3w0i_pareto_roc_selected,model3_3w0i_pareto_roc_selected_009,Model 3,3,887427
069,11745,0.9607080200202804,0.8681926341155163,0.8970523763307241,0.8707629232541475,0.8447667510227036,,,,,367494,367494,53200,690.0,327048,327048,106400,307.0,1344,1344,280,480.0,25,25,220,11.0,12092,12641,12013,12559,103.9501,model3_3w0i_pareto_roc_selected,model3_3w0i_pareto_roc_selected_069,Model 3,3,694542
049,11729,0.960544010205722,0.8665366555703706,0.8948028820134184,0.8691453433351172,0.8432731351722345,,,,,374466,374466,53200,703.0,337474,337474,106400,317.0,992,992,280,354.0,33,33,220,15.0,13196,13745,13105,13651,104.6682,model3_3w0i_pareto_roc_selected,model3_3w0i_pareto_roc_selected_049,Model 3,3,711940
093,7215,0.960190672468027,0.8665076298372442,0.8954589845226325,0.8696139879845559,0.8411596989789594,,,,,282477,282477,53200,530.0,245967,245967,106400,231.0,427,427,280,152.0,20,20,220,9.0,13186,13735,13105,13651,104.6682,model3_3w0i_pareto_roc_selected,model3_3w0i_pareto_roc_selected_093,Model 3,3,528444
050,6237,0.9571720423552208,0.8533931384376293,0.8848706389591856,0.8573778273634052,0.8237079769366362,,,,,248086,248086,53200,466.0,206956,206956,106400,194.0,336,336,280,120.0,17,17,220,7.0,7189,7738,7099,7645,104.6682,model3_3w0i_pareto_roc_selected,model3_3w0i_pareto_roc_selected_050,Model 3,3,455042
036,4091,0.9456254364242616,0.8285833930477322,0.8622940609117103,0.8324973317490121,0.7980292736612636,,,,,225770,225770,53200,424.0,187041,187041,106400,175.0,127,127,280,45.0,20,20,220,9.0,8276,8825,8191,8737,103.9501,model3_3w0i_pareto_roc_selected,model3_3w0i_pareto_roc_selected_036,Model 3,3,412811
024,1231,0.9412264928313316,0.8191772414064177,0.852295300552396,0.8224381011123507,0.7912052028626629,,,,,191324,191324,53200,359.0,154617,154617,106400,145.0,32,32,280,11.0,6,6,220,2.0,7165,7714,7099,7645,104.6682,model3_3w0i_pareto_roc_selected,model3_3w0i_pareto_roc_selected_024,Model 3,3,345941
057,1145,0.9341847971120458,0.7773792786500615,0.8256460493256053,0.7839276049839603,0.7303267511436441,,,,,239893,239893,53200,450.0,207206,207206,106400,194.0,32,32,280,11.0,4,4,220,1.0,7180,7729,7099,7645,104.6682,model3_3w0i_pareto_roc_selected,model3_3w0i_pareto_roc_selected_057,Model 3,3,447099
087,72503,0.9676907926704176,0.8882545556795196,0.910189544084344,0.8896417438418581,0.8724319029089227,,,,,1111936,1111936,53200,2090.0,1052791,1052791,106400,989.0,33176,33176,280,11848.0,1,1,220,0.0,21929,22478,21841,22387,104.6682,model3_4w0i_pareto_roc_selected,model3_4w0i_pareto_roc_selected_087,Model 3,4,2164727
091,59447,0.9673360203037727,0.8879195503430175,0.909823698906395,0.8893726511076643,0.8718816233850657,,,,,1116894,1116894,53200,2099.0,1011688,1011688,106400,950.0,25808,25808,280,9217.0,0,0,220,0.0,17017,17566,16927,17473,103.9501,model3_4w0i_pareto_roc_selected,model3_4w0i_pareto_roc_selected_091,Model 3,4,2128582
001,53181,0.9662613049355798,0.8857120828684679,0.9092341137022624,0.8874073670938891,0.868017572662597,,,,,823600,823600,53200,1548.0,773599,773599,106400,727.0,24690,24690,280,8817.0,0,0,220,0.0,23018,23567,22933,23479,104.6682,model3_4w0i_pareto_roc_selected,model3_4w0i_pareto_roc_selected_001,Model 3,4,1597199
070,52381,0.9668302548296588,0.8851351964225784,0.9085205644295689,0.8867845232372158,0.8676698685678522,,,,,1096267,1096267,53200,2060.0,1038726,1038726,106400,976.0,27762,27762,280,9915.0,0,0,220,0.0,21931,22480,21841,22387,103.9501,model3_4w0i_pareto_roc_selected,model3_4w0i_pareto_roc_selected_070,Model 3,4,2134993
038,44513,0.9663248249404351,0.8848645919314508,0.9072718532023548,0.8864277486008689,0.8681899129530357,,,,,1103869,1103869,53200,2074.0,1059092,1059092,106400,995.0,23160,23160,280,8271.0,1,1,220,0.0,21932,22481,21841,22387,103.9501,model3_4w0i_pareto_roc_selected,model3_4w0i_pareto_roc_selected_038,Model 3,4,2162961
079,41913,0.9655728209138092,0.8847233938338458,0.908321012514324,0.8870384984020729,0.8648217185048119,,,,,7745454,7745454,53200,14559.0,1217710,1217710,106400,1144.0,20020,20020,280,7150.0,1,1,220,0.0,26848,27397,26756,27302,103.9501,model3_4w0i_pareto_roc_selected,model3_4w0i_pareto_roc_selected_079,Model 3,4,8963164
073,41743,0.9647269070351748,0.8845519605975672,0.9075560635058852,0.8865668302387669,0.8659978653992096,,,,,614160,614160,53200,1154.0,550670,550670,106400,517.0,17816,17816,280,6362.0,0,0,220,0.0,12097,12646,12013,12559,104.6682,model3_4w0i_pareto_roc_selected,model3_4w0i_pareto_roc_selected_073,Model 3,4,1164830
009,23289,0.9661540577016005,0.8833555561602582,0.9070511366900385,0.8850853084437672,0.8654536329030873,,,,,438412,438412,53200,824.0,389971,389971,106400,366.0,5200,5200,280,1857.0,1,1,220,0.0,12094,12643,12013,12559,104.6682,model3_4w0i_pareto_roc_selected,model3_4w0i_pareto_roc_selected_009,Model 3,4,828383
049,20121,0.966330242799636,0.8831033951037217,0.9077253802824566,0.8851850844013897,0.8635064899725162,,,,,923447,923447,53200,1735.0,853722,853722,106400,802.0,9081,9081,280,3243.0,0,0,220,0.0,18109,18658,18019,18565,104.6682,model3_4w0i_pareto_roc_selected,model3_4w0i_pareto_roc_selected_049,Model 3,4,1777169
064,19061,0.9652784261008964,0.8809098357929619,0.9063375874173448,0.8829053549454104,0.8612116429472003,,,,,396096,396096,53200,744.0,349551,349551,106400,328.0,2124,2124,280,758.0,1,1,220,0.0,12098,12647,12013,12559,104.6682,model3_4w0i_pareto_roc_selected,model3_4w0i_pareto_roc_selected_064,Model 3,4,745647
069,14307,0.9641521020237276,0.8801488173525508,0.9049951472602428,0.8824911335455841,0.8595275457230884,,,,,403098,403098,53200,757.0,359970,359970,106400,338.0,2156,2156,280,770.0,1,1,220,0.0,12104,12653,12013,12559,103.9501,model3_4w0i_pareto_roc_selected,model3_4w0i_pareto_roc_selected_069,Model 3,4,763068
050,13391,0.964163602256799,0.8790603523603061,0.9044509147641204,0.8818259604947678,0.8566854426877829,,,,,341160,341160,53200,641.0,300798,300798,106400,282.0,1565,1565,280,558.0,1,1,220,0.0,12098,12647,12013,12559,104.6682,model3_4w0i_pareto_roc_selected,model3_4w0i_pareto_roc_selected_050,Model 3,4,641958
084,4611,0.9630456405415372,0.8778074082136778,0.9034017554521514,0.8803716503245742,0.8560353872063035,,,,,270970,270970,53200,509.0,235186,235186,106400,221.0,352,352,280,125.0,1,1,220,0.0,12085,12634,12013,12559,103.9501,model3_4w0i_pareto_roc_selected,model3_4w0i_pareto_roc_selected_084,Model 3,4,506156
024,4397,0.959615597453787,0.8655506876982291,0.8960576402683671,0.8686494870608724,0.8394514136439086,,,,,248752,248752,53200,467.0,213920,213920,106400,201.0,128,128,280,45.0,1,1,220,0.0,12086,12635,12013,12559,104.6682,model3_4w0i_pareto_roc_selected,model3_4w0i_pareto_roc_selected_024,Model 3,4,462672
057,4291,0.958813154957306,0.8620397833954665,0.8928466685412453,0.8653054807235874,0.8352064001741544,,,,,336166,336166,53200,631.0,303137,303137,106400,284.0,248,248,280,88.0,1,1,220,0.0,12085,12634,12013,12559,104.6682,model3_4w0i_pareto_roc_selected,model3_4w0i_pareto_roc_selected_057,Model 3,4,639303
031,78077,0.9685725025678228,0.8915142059799056,0.9123846151520374,0.8928315509719085,0.87646829392183,,,,,1507900,1507900,53200,2834.0,1436658,1436658,106400,1350.0,57744,57744,280,20622.0,4,4,220,1.0,21936,22485,21841,22387,103.9501,model3_6w0i_pareto_roc_selected,model3_6w0i_pareto_roc_selected_031,Model 3,6,2944558
046,61867,0.9686037899133828,0.8910649118192181,0.9119824878076804,0.8922117306291025,0.8765922579903913,,,,,1259834,1259834,53200,2368.0,1208432,1208432,106400,1135.0,48858,48858,280,17449.0,4,4,220,1.0,21930,22479,21841,22387,103.9501,model3_6w0i_pareto_roc_selected,model3_6w0i_pareto_roc_selected_046,Model 3,6,2468266
091,59447,0.9685400531466226,0.8909563676713803,0.9118161945449764,0.8922177776568372,0.8761115192854831,,,,,1123325,1123325,53200,2111.0,1019816,1019816,106400,958.0,38712,38712,280,13825.0,5,5,220,2.0,17017,17566,16927,17473,103.9501,model3_6w0i_pareto_roc_selected,model3_6w0i_pareto_roc_selected_091,Model 3,6,2143141
038,44513,0.9685692805844648,0.8904623255054559,0.9117920064340376,0.8916674981329802,0.8755793808448302,,,,,1102261,1102261,53200,2071.0,1064368,1064368,106400,1000.0,34800,34800,280,12428.0,4,4,220,1.0,21932,22481,21841,22387,103.9501,model3_6w0i_pareto_roc_selected,model3_6w0i_pareto_roc_selected_038,Model 3,6,2166629
079,41913,0.9684120651081094,0.8901826504727264,0.9117950299479048,0.8915405105505516,0.8746239504627488,,,,,7745524,7745524,53200,14559.0,1223063,1223063,106400,1149.0,30004,30004,280,10715.0,4,4,220,1.0,26848,27397,26756,27302,103.9501,model3_6w0i_pareto_roc_selected,model3_6w0i_pareto_roc_selected_079,Model 3,6,8968587
004,33669,0.9680695285471436,0.889930187064803,0.9110663631058744,0.8913470056630415,0.8744032339504325,,,,,843962,843962,53200,1586.0,816425,816425,106400,767.0,11956,11956,280,4270.0,4,4,220,1.0,23020,23569,22933,23479,104.6682,model3_6w0i_pareto_roc_selected,model3_6w0i_pareto_roc_selected_004,Model 3,6,1660387
032,25913,0.9680653692809772,0.8891540510550552,0.910966587148252,0.8905790331407355,0.8732603457085756,,,,,563304,563304,53200,1058.0,512337,512337,106400,481.0,8160,8160,280,2914.0,5,5,220,2.0,12103,12652,12013,12559,104.6682,model3_6w0i_pareto_roc_selected,model3_6w0i_pareto_roc_selected_032,Model 3,6,1075641
009,23289,0.9681250975591464,0.8891108148067521,0.910836576051956,0.8909237137216129,0.871902787982137,,,,,596669,596669,53200,1121.0,556350,556350,106400,522.0,7840,7840,280,2800.0,4,4,220,1.0,12106,12655,12013,12559,104.6682,model3_6w0i_pareto_roc_selected,model3_6w0i_pareto_roc_selected_009,Model 3,6,1153019
064,19061,0.9679470404780064,0.8890966042915754,0.9104707308740072,0.8905669390852661,0.873263369222443,,,,,500467,500467,53200,940.0,458999,458999,106400,431.0,3224,3224,280,1151.0,4,4,220,1.0,12106,12655,12013,12559,104.6682,model3_6w0i_pareto_roc_selected,model3_6w0i_pareto_roc_selected_064,Model 3,6,959466
050,13391,0.967361376619819,0.8880023946229829,0.9095032064364564,0.8897233787162765,0.8712285443897189,,,,,445530,445530,53200,837.0,409540,409540,106400,384.0,2333,2333,280,833.0,4,4,220,1.0,12106,12655,12013,12559,104.6682,model3_6w0i_pareto_roc_selected,model3_6w0i_pareto_roc_selected_050,Model 3,6,855070
021,6391,0.9659740120220752,0.8850163723275916,0.908311941972722,0.887510166565379,0.8646403076727711,,,,,688308,688308,53200,1293.0,614037,614037,106400,577.0,1135,1135,280,405.0,4,4,220,1.0,18101,18650,18019,18565,104.6682,model3_6w0i_pareto_roc_selected,model3_6w0i_pareto_roc_selected_021,Model 3,6,1302345
084,4611,0.9659951780361002,0.8836367429499214,0.9080277316691912,0.8860377153119813,0.8630378453230776,,,,,377008,377008,53200,708.0,345843,345843,106400,325.0,535,535,280,191.0,4,4,220,1.0,12094,12643,12013,12559,103.9501,model3_6w0i_pareto_roc_selected,model3_6w0i_pareto_roc_selected_084,Model 3,6,722851
024,4397,0.9644937211026688,0.8788145406828908,0.9048288539975388,0.8820436534932168,0.8545054891894261,,,,,406547,406547,53200,764.0,377011,377011,106400,354.0,256,256,280,91.0,4,4,220,1.0,12098,12647,12013,12559,104.6682,model3_6w0i_pareto_roc_selected,model3_6w0i_pareto_roc_selected_024,Model 3,6,783558
057,4291,0.9636363802794602,0.8779685615028073,0.9040548344474982,0.8804774733099313,0.8561442337055278,,,,,334568,334568,53200,628.0,301278,301278,106400,283.0,503,503,280,179.0,2,2,220,0.0,12086,12635,12013,12559,104.6682,model3_6w0i_pareto_roc_selected,model3_6w0i_pareto_roc_selected_057,Model 3,6,635846
081,41713,0.9690546674136716,0.8912868377370813,0.912127616473313,0.8926350225705311,0.8761478014518913,,,,,767486,767486,53200,1442.0,713763,713763,106400,670.0,18624,18624,280,6651.0,8,8,220,3.0,12109,12658,12013,12559,104.6682,model3_8w0i_pareto_roc_selected,model3_8w0i_pareto_roc_selected_081,Model 3,8,1481249
091,40721,0.9687777909511406,0.8911144974466425,0.9120550521404966,0.892477799849429,0.8758726616899628,,,,,879503,879503,53200,1653.0,820341,820341,106400,770.0,23424,23424,280,8365.0,4,4,220,1.0,12105,12654,12013,12559,103.9501,model3_8w0i_pareto_roc_selected,model3_8w0i_pareto_roc_selected_091,Model 3,8,1699844
079,36473,0.9688141029375656,0.89107307530666,0.9120973813346396,0.8922873184757862,0.876311071200728,,,,,7694682,7694682,53200,14463.0,1177962,1177962,106400,1107.0,34988,34988,280,12495.0,4,4,220,1.0,26844,27393,26756,27302,103.9501,model3_8w0i_pareto_roc_selected,model3_8w0i_pareto_roc_selected_079,Model 3,8,8872644
006,29021,0.9687539405322394,0.8908390553333273,0.9121215694455782,0.8920272962831944,0.8760389549526669,,,,,659569,659569,53200,1239.0,606009,606009,106400,569.0,12384,12384,280,4422.0,4,4,220,1.0,12101,12650,12013,12559,104.6682,model3_8w0i_pareto_roc_selected,model3_8w0i_pareto_roc_selected_006,Model 3,8,1265578
004,22513,0.968251839121864,0.8894246555461827,0.9108668111906296,0.8909116196661436,0.8734992033040959,,,,,982689,982689,53200,1847.0,913595,913595,106400,858.0,21100,21100,280,7535.0,4,4,220,1.0,18099,18648,18019,18565,104.6682,model3_8w0i_pareto_roc_selected,model3_8w0i_pareto_roc_selected_004,Model 3,8,1896284
049,11729,0.9681835180988454,0.88930915731645,0.9113112677291294,0.8908662669581334,0.8728582183642185,,,,,480633,480633,53200,903.0,449125,449125,106400,422.0,2592,2592,280,925.0,4,4,220,1.0,13201,13750,13105,13651,104.6682,model3_8w0i_pareto_roc_selected,model3_8w0i_pareto_roc_selected_049,Model 3,8,929758
064,9729,0.9673532421269042,0.8874787220211585,0.9095576296860686,0.8890944878318684,0.870784087851219,,,,,288258,288258,53200,541.0,242272,242272,106400,227.0,964,964,280,344.0,4,4,220,1.0,7184,7733,7099,7645,104.6682,model3_8w0i_pareto_roc_selected,model3_8w0i_pareto_roc_selected_064,Model 3,8,530530
050,6237,0.9666533101073712,0.8861238854572007,0.9088440804133748,0.887694600911287,0.8692662838898111,,,,,249006,249006,53200,468.0,208815,208815,106400,196.0,656,656,280,234.0,4,4,220,1.0,7187,7736,7099,7645,104.6682,model3_8w0i_pareto_roc_selected,model3_8w0i_pareto_roc_selected_050,Model 3,8,457821
021,2221,0.9644786225616478,0.8798773058072631,0.9046867488457736,0.8827572027659105,0.857392944932742,,,,,379922,379922,53200,714.0,352983,352983,106400,331.0,64,64,280,22.0,4,4,220,1.0,13187,13736,13105,13651,104.6682,model3_8w0i_pareto_roc_selected,model3_8w0i_pareto_roc_selected_021,Model 3,8,732905
024,1231,0.9615332752959728,0.8759273872909618,0.9026700650962536,0.879156197749901,0.8512552117820289,,,,,243821,243821,53200,458.0,209579,209579,106400,196.0,32,32,280,11.0,4,4,220,1.0,7170,7719,7099,7645,104.6682,model3_8w0i_pareto_roc_selected,model3_8w0i_pareto_roc_selected_024,Model 3,8,453400
057,1145,0.9564153433534108,0.8534572369316172,0.8861072561309302,0.857096640573742,0.8243943145845238,,,,,187805,187805,53200,353.0,151756,151756,106400,142.0,32,32,280,11.0,2,2,220,0.0,7172,7721,7099,7645,104.6682,model3_8w0i_pareto_roc_selected,model3_8w0i_pareto_roc_selected_057,Model 3,8,339561
